Gene_IDs;Variable_1;Variable_2;Variable_3;Variable_4;Variable_5;Variable_6;Variable_7
Gene_1;0;0;0;0;0,02;0;0
Gene_2;0,06;0;0,02;0,08;0,01;0,72;1,09
Gene_3;0;0;0;0;0;0;0
Gene_4;0;0;0;0;0;0;0
Gene_5;0;0;0;0;0;0;0,05
Gene_6;0;0;0;0,04;0,03;0;0
Gene_7;0,05;0;0,1;0,1;0,08;0,23;1,84
Gene_8;0,06;0,01;0;0,09;0,03;0,1;0,05
Gene_9;0,01;0;0;0;0;0;0
Gene_10;0,02;0;0,02;0;0;0,02;0,06
Gene_11;0,03;0;0,01;0;0;0;0
Gene_12;0;0;0;0,06;0,02;0,07;0
Gene_13;0;0;0;0;0,04;0;0
Gene_14;0,02;0;0;0,28;0,05;0;0
Gene_15;0;0;0;0;0,04;0;0
Gene_16;0,01;0;0;0;0;0;0
Gene_17;0,03;0;0,01;0,19;0,03;0,01;0
Gene_18;0,01;0;0;0;0,09;0;0
Gene_19;0;0;0;0,21;0,26;0,46;0,04
Gene_20;0,01;0;0;0;0;0;0
Gene_21;0,07;0;0,01;0,26;0,51;0,02;0
Gene_22;0;0,01;0;0;0;0;0
Gene_23;0,15;0;0,1;0,25;0,85;0,06;0,07
Gene_24;2,61;0,67;0,85;0,18;0,03;0,07;0,19
Gene_25;4,6;0,49;0,42;0,19;3,39;1,44;0,58
Gene_26;0,09;0;0,02;0,07;0,01;0;0,02
Gene_27;1,81;0;0,37;0,21;0;0,25;0,15
Gene_28;1,67;0,04;0,52;3,31;1,39;2,58;2,74
Gene_29;0,03;0;0;0,16;0,23;0,05;0,03
Gene_30;0,06;0;0,28;2,04;5,57;0,48;0,93
Gene_31;0,73;0;0,19;3,42;4,66;1,6;2,36
Gene_32;1,48;0,01;3,09;8,21;7,71;0,82;3,36
Gene_33;2,19;0;3,47;9,2;5,89;3,12;1,11
Gene_34;2,52;0,99;3,47;1,27;0,89;7,28;6,11
Gene_35;6,86;1,16;4,62;2,62;3,37;2,5;1,69
Gene_36;5,44;0,28;2,72;3,58;0,04;0,19;0,09
Gene_37;1,21;0,18;1,74;1,18;0,02;1,58;0
Gene_38;6,1;0,84;3,98;4,68;0,48;0,74;0
Gene_39;2,63;0,17;1,08;2,19;0,05;0,68;0
Gene_40;5,34;1,74;4,74;4,75;2,12;4,16;1,65
Gene_41;3,29;0,03;1,92;2,36;0,36;7,26;0
Gene_42;2,84;0,29;2,82;2,12;0,16;0,6;0,1
Gene_43;3,51;1,13;3,51;3,88;0,84;1,09;5,79
Gene_44;5,11;2,64;2,65;2,12;0,57;7,19;2,87
Gene_45;3,28;0,22;3,43;5,82;0,58;2,68;0,98
Gene_46;4,6;0,87;2,5;3,88;0,28;0,53;0,09
Gene_47;4,39;0,35;2,18;2,52;0,64;3,44;0,29
Gene_48;5,94;0,36;4,43;2,5;0,97;2,54;0,97
Gene_49;0,66;0,15;1,07;1,98;0,09;1,8;0,27
Gene_50;0,23;0,2;1,86;0,83;0,04;2,92;2,71
Gene_51;1,99;0,07;1,32;0,98;0,78;1,37;0,58
Gene_52;4,68;0,3;6,13;5,55;1,53;1,92;5,5
Gene_53;0,9;0;0,37;0,63;0,14;1,57;6,27
Gene_54;2,75;0,03;2,81;3,07;0,41;1,22;3,52
Gene_55;0,53;0,04;2,91;2,98;3,99;6,53;0,81
Gene_56;4,87;0,4;3,54;3,83;0,54;2,5;1,4
Gene_57;4,31;0,14;2,12;2,09;0,3;1,19;0,49
Gene_58;0,48;0,01;0,16;0,15;0,09;7,08;0,14
Gene_59;5,82;1,19;4,16;3,78;3,59;3,71;4,24
Gene_60;2,92;0,14;3,06;2,4;0,15;2,57;2,2
Gene_61;2,05;0,01;1,36;1,58;0,55;0,83;0,31
Gene_62;3,04;0,24;3,16;1,73;0,02;1,55;0,29
Gene_63;4,28;0,3;2,89;2,38;0,23;0,83;0,29
Gene_64;4,81;2,42;2,91;4,71;2,81;4,32;3,03
Gene_65;3,18;1,35;4,81;3,91;0,44;4,69;3,16
Gene_66;2,47;0,47;7,29;3,6;1,03;5,09;8,5
Gene_67;0,1;0;0,05;0,27;0,03;0,04;3,31
Gene_68;0,8;0;0,76;1,99;0,22;0,31;1,49
Gene_69;0,39;0,05;0,37;2,14;0,71;1,95;6,34
Gene_70;0,46;0,25;0,76;0,53;0,09;7,41;0,27
Gene_71;3,77;0,07;3,77;3,89;3,29;4,15;4,99
Gene_72;3,24;0;3,61;5,81;0,78;5,74;6,25
Gene_73;3,79;0,08;2,3;2,35;3,8;1,88;2,68
Gene_74;5,94;0,3;4,49;4,29;1,23;4,36;1,56
Gene_75;6,04;1,44;5,06;3,69;2,24;5,35;1,88
Gene_76;0,05;0;0,23;0,15;0,27;8,57;0,38
Gene_77;2,85;0,12;4,03;4,67;1,64;1,36;0,4
Gene_78;6,09;1,54;5,14;3,76;1,86;4,08;0,77
Gene_79;3,72;0,05;2,91;8,28;1,6;2,78;1,06
Gene_80;6,17;0,27;3,81;3,07;0,14;1,95;0,12
Gene_81;5,67;0;3,86;2,66;0,18;1,94;1,31
Gene_82;1,12;0,01;3,9;0,35;0,11;3,47;1,07
Gene_83;2,12;0;1,19;2,02;0,08;2,29;0,82
Gene_84;4,35;0,05;2,18;3,68;0,33;2,19;0,73
Gene_85;4,88;2,4;3,42;4,34;3,77;3;4,21
Gene_86;1,02;0,39;0,97;1,48;0,21;0,87;1,37
Gene_87;0,48;0,12;4,71;1,75;0,38;1,89;6,35
Gene_88;0,65;1,12;4,36;5,37;3,16;9,34;2,38
Gene_89;3,82;0,25;4,92;3,21;0,79;2,02;0,32
Gene_90;5,07;0,06;2,26;1,86;0,1;0,43;0,68
Gene_91;6,57;0,1;3,79;3,64;0,11;1,03;0,54
Gene_92;5,68;0,15;2,88;3,35;0,32;3,06;0,54
Gene_93;4,74;0,35;1,61;1,49;0,39;3,06;1,9
Gene_94;4,94;0,09;3,53;4,4;1,17;3,8;1,99
Gene_95;3,27;0,03;2,39;4,26;0,16;1,33;0,34
Gene_96;3,97;0,03;4,94;6,4;1,26;5,43;0,5
Gene_97;5,45;0;4,7;6,94;0,21;2,6;0,47
Gene_98;0,83;0,02;1,72;1,07;0,16;3,87;6,56
Gene_99;7,36;0,31;4,52;5,17;0,3;2,6;2,34
Gene_100;6,29;1,43;2,78;6,12;2,07;2,33;5,1
Gene_101;2,69;0,17;2,09;2,62;0,71;1,9;0
Gene_102;7,05;0,62;5,92;7,89;2,79;3,7;3,78
Gene_103;4,52;0,08;1,48;1,19;2,48;4,31;0,3
Gene_104;1,9;0,13;1,53;1,18;0,17;2,7;0,68
Gene_105;3,56;3,28;3,44;4,45;3,58;3,45;1,9
Gene_106;3,84;2,18;3,24;2,35;0,83;1,64;1,11
Gene_107;0,83;1,72;3,34;0,47;0,72;2,87;3,48
Gene_108;2,88;0,1;4,68;2,08;2,82;1,8;2,56
Gene_109;0,13;0,02;1,7;2,09;3,16;6,55;2,17
Gene_110;4,64;0,09;3,76;4,72;2,75;3,09;3,33
Gene_111;2,75;0,06;0,63;1,58;0,1;0,84;0,07
Gene_112;5,95;1,36;4,74;4,02;0,46;1,46;0,78
Gene_113;6,79;0,44;4,07;3,63;0,71;5,42;2,78
Gene_114;4,64;1,34;4,1;8,38;6,94;6,66;6,35
Gene_115;4,19;0,02;4,03;0,82;0,1;1,14;0
Gene_116;5,15;0,18;3,65;3,47;0,1;0,89;0,41
Gene_117;9,69;0,57;7,92;6,45;0,44;3,7;0,79
Gene_118;5,61;0,06;4,82;5,08;2,52;3,62;0,82
Gene_119;1,45;0;1,57;2,21;1,27;1,93;0,02
Gene_120;2,39;0;4,96;5,33;0,21;1,63;0,89
Gene_121;5,79;0,2;5,28;5,54;0,19;2,51;3,49
Gene_122;5,44;0,13;4,73;7,06;0,72;4,68;0
Gene_123;3,72;0,68;2,47;5,09;1,13;4,63;0,39
Gene_124;0,06;0,36;0,1;0,14;0,07;6,8;0,09
Gene_125;0,82;0,11;3,16;2,83;2,95;7,99;0,01
Gene_126;8,21;4,8;5,74;7,45;3,89;4,29;0,52
Gene_127;4,61;5,97;5,69;5,37;1,62;7;2,38
Gene_128;5,52;0;3,41;3,67;1,12;3,15;0,31
Gene_129;0,2;0;4,38;4,03;1,29;0,09;0
Gene_130;3,84;0,02;0,74;2,6;2,06;2,01;0,79
Gene_131;5,21;2,51;5,26;5,13;4,93;8,59;0,38
Gene_132;1,81;0,01;0,95;1,11;1,36;0,97;0,02
Gene_133;1,22;0;0,31;0,36;0,78;3,58;0,08
Gene_134;0,26;0;0,03;0,16;0,14;7,52;0,49
Gene_135;4,64;0,03;2,33;0,55;0,2;6,27;0,42
Gene_136;3,26;0,07;3,47;1,74;5,93;1,32;0,26
Gene_137;3,3;1,41;2,15;1,95;3,7;0,67;1,07
Gene_138;5,4;1,01;2,1;1,3;3,65;2;1,62
Gene_139;6,7;0,1;6,24;3,68;0,57;5,57;1,01
Gene_140;5,84;1,05;3,73;4,53;2,98;5,35;2,78
Gene_141;1,84;0,03;1,75;2,97;0,48;2,63;0,13
Gene_142;1,56;0,02;0,96;0,51;3,75;1,1;0,08
Gene_143;4,4;0,15;4,67;5,5;0,87;3,27;1,19
Gene_144;3,69;1,23;2,36;3,99;2;2,65;0,72
Gene_145;2,97;2,25;1,09;1,5;3,58;1,47;0,61
Gene_146;4,59;0,55;3,08;3,03;1,09;1,43;0,17
Gene_147;1,18;0,71;4,73;5,92;3,78;3,27;2,66
Gene_148;0,42;0,08;1,98;1,12;6,13;0,74;1,1
Gene_149;2,16;1,45;4,76;1,97;3,45;3,41;0,12
Gene_150;4,67;3,61;3,32;2,57;2,54;2,29;0,42
Gene_151;1,54;2,3;3,05;3,23;3,42;0,3;0,43
Gene_152;2,14;0,01;2,04;5,7;3,51;0,6;0,84
Gene_153;0,13;0;0,09;0,19;0,3;0;0,25
Gene_154;1,83;0;0,67;2,07;0,76;0,86;0,09
Gene_155;0,62;0;0,03;0,66;2,33;0,07;0,11
Gene_156;0,06;0;0,09;0,04;0,01;0;0,03
Gene_157;0,54;0;0,1;1,21;0,86;0,04;0,11
Gene_158;1,36;0;0,08;0,11;0,34;0,17;0,06
Gene_159;0,83;0,06;0,46;3,18;4,71;1,02;0,65
Gene_160;0,17;0;0,32;0,88;0,42;0,04;0,11
Gene_161;4,51;0,18;1,18;3,85;2,12;5,07;0,3
Gene_162;0,19;0;0,71;0,12;0,06;0,05;0
Gene_163;1,14;0;0,06;0,45;0,04;0;0,16
Gene_164;0,03;0,01;0,02;0;0;0,1;0
Gene_165;0,73;0;0,1;0,77;0,1;0,1;0
Gene_166;3,8;0,6;0,99;0,68;0,1;0,64;0,2
Gene_167;0;0;0;0;0;0;0,3
Gene_168;1,45;0;0,54;0,09;0,05;0;0
Gene_169;0,8;0;1,74;4,98;6,14;0,96;0,71
Gene_170;0,15;0;0,3;2,2;5,14;0,33;0,5
Gene_171;2,83;0;3,98;7,73;2,26;4,41;0,58
Gene_172;0,09;0;0,09;0,12;0,06;0,05;0
Gene_173;0,05;0;0;0;0,04;0,02;0,03
Gene_174;0,02;0;0,03;0,7;0,04;0,3;0
Gene_175;3,24;0,03;0,28;8,33;3,9;0,39;0,52
Gene_176;9,28;0;3,83;12,51;11,44;5,53;7,84
Gene_177;3,55;0,06;0,04;0,19;0,14;1,33;0,19
Gene_178;3,56;0,09;2,06;2,11;0,05;1,61;0,5
Gene_179;3,86;0,01;2,26;3,29;0,25;6,14;0,63
Gene_180;5,71;0,13;2,97;2,34;0,5;6,64;0,05
Gene_181;2,03;0,03;0,2;0,47;0,05;0,6;0
Gene_182;3,89;0,07;1,6;1,71;0,18;1,52;0,43
Gene_183;3,78;0,02;2,51;2,32;0,65;3,42;1,91
Gene_184;4,3;0,34;3,41;5,14;1,17;1,84;0,66
Gene_185;1,73;0,74;3,29;4,78;0,5;3,06;5,69
Gene_186;5,53;0,03;2,01;0,56;0,01;1,83;0,18
Gene_187;0,55;0,59;1,04;1,01;1,07;0,47;8,14
Gene_188;3,44;0,41;1,03;0,85;0,57;0,55;0,36
Gene_189;6,76;2,87;2,14;2,54;2,22;3,8;1,33
Gene_190;3,77;2,09;4,76;9,79;0,63;2,6;7,54
Gene_191;5,52;3,17;3,96;4,37;3,65;2,68;2,4
Gene_192;3,78;0,05;3,38;3,42;2,45;1,3;2,24
Gene_193;7,51;0;4,65;4,02;1,09;2,11;0,1
Gene_194;2,98;0,18;1,56;1,3;0,46;1,53;0,04
Gene_195;6,31;1,04;4,73;3,84;1,85;4,63;0,07
Gene_196;0,98;0,04;0,78;0,62;0,4;8,5;0,14
Gene_197;6,1;0,59;6,04;4,27;1,18;2,5;0,2
Gene_198;4,72;2,11;3,79;3,56;1,84;4,55;0,08
Gene_199;3,12;0,16;2,33;1,69;1,4;1,49;0,76
Gene_200;3,07;0,25;2,3;2,75;2,57;1,26;2,71
Gene_201;3,75;0,05;1,25;0,54;0,04;0,39;0
Gene_202;6,8;0,38;2,77;2,18;0,8;2,61;0,37
Gene_203;4,6;0,02;4,05;5,33;0,29;4,56;5,3
Gene_204;1,74;0;0,4;0,7;0,07;2,32;0,61
Gene_205;5,51;0,03;3,77;3,08;0,1;4,28;0,24
Gene_206;1,29;0,2;1,05;1,06;0,29;8,57;0,28
Gene_207;3,05;0,25;0,77;2,61;6,3;4,81;5,33
Gene_208;5,12;0,55;2,78;2,52;0,33;3,28;1,47
Gene_209;5,78;3,32;5,73;5,12;2,03;2,66;1,54
Gene_210;4,29;0,1;3,92;3,16;1,85;3,58;3,46
Gene_211;7,56;0,73;3,85;4,03;4,68;5,28;3,26
Gene_212;3,06;0,13;4,39;1,95;1,14;1,9;1,12
Gene_213;7,41;3,71;6,21;8,45;3,86;5,86;6,21
Gene_214;2,74;0;1,85;2,18;0,04;1,43;0,25
Gene_215;5,95;0,03;4,96;7,9;0,4;3,56;0,09
Gene_216;1,87;0,17;0,29;0,63;1,18;0,15;0,44
Gene_217;2,43;0,23;1;1,13;0,98;0,88;0,68
Gene_218;1,81;0,42;0,49;0,38;0,03;0,04;0
Gene_219;3,87;9,85;4,15;2,11;1,73;7,4;8,57
Gene_220;2,94;3,48;3,83;5,66;5,08;1,74;2,03
Gene_221;2,74;0,05;1,54;4,73;1,72;3,08;1,56
Gene_222;5,9;0,91;3,32;2,03;0,44;1,96;0,45
Gene_223;4,06;1,03;3,43;3,64;1,4;2,41;1,05
Gene_224;3,98;0,55;7,12;8,82;1,53;3,02;7,24
Gene_225;2,19;0,02;2,56;2,35;0,38;1,43;0,57
Gene_226;1,19;0;7,36;7,02;3,15;2,8;0,42
Gene_227;5,98;0,25;3,12;2,41;3,21;1,27;1,53
Gene_228;0,54;0,02;0,47;0,24;0,23;0,31;1,55
Gene_229;2,25;0,02;2,96;4,3;0,84;2,57;4,7
Gene_230;4,18;0,03;1,6;0,4;0,24;0,87;0,08
Gene_231;5,13;0,54;4,76;7,63;2,89;5,19;4,81
Gene_232;0,06;0,38;2,23;2,19;1,35;2,24;4,78
Gene_233;2,24;0,32;1,14;1,55;0,13;1,83;2,06
Gene_234;2,98;0,38;4,17;3,84;0,9;1,79;1,06
Gene_235;4,41;0,27;1,96;1,55;0,18;1,56;0,45
Gene_236;2,77;1,26;4,59;5,27;1,26;4,01;0,43
Gene_237;3,76;1,63;6,34;2,76;0,21;6,31;1,97
Gene_238;2,59;0,2;2,61;2,5;0,47;0,97;0,97
Gene_239;4,25;0,02;4,3;2,39;0,86;1,09;0,46
Gene_240;0,23;0,01;3,59;1,12;3,27;1,06;0,02
Gene_241;3,13;0,06;6,17;7,66;1,39;5,12;2,76
Gene_242;6,1;0,4;2,89;3,07;0,37;1,88;2,21
Gene_243;6,49;5;7,13;5,59;1,85;2,61;0,9
Gene_244;0,38;0,5;0,7;3,5;0,38;0,48;0,1
Gene_245;2,23;3,45;1,22;0,7;0,05;4,67;0,89
Gene_246;4,26;0,01;1,06;1,51;0,22;3,99;0,05
Gene_247;4,7;0;1,43;1,78;0,08;1,71;0
Gene_248;4,27;0;1,97;2,1;0,35;1,31;1
Gene_249;6,1;0,25;6,65;6,09;6,07;2,93;4,14
Gene_250;0,21;0,01;6,69;1,45;5,48;0,36;0,79
Gene_251;0,19;3,38;1,33;2,32;1,49;0,52;0,14
Gene_252;2,47;7,54;4,95;3,6;0,88;2,44;0,53
Gene_253;3,16;1,91;2,13;5,74;0,31;2,76;0,42
Gene_254;1,78;0,1;7,46;3,71;0,82;10,24;0,2
Gene_255;3,79;0,3;2,03;2,07;1,43;3,18;5,81
Gene_256;5,66;1,74;2,54;2,09;2;2,11;1,43
Gene_257;2,49;0,41;1,04;1,06;0,9;1,85;1,97
Gene_258;2,56;4,85;5,38;1,59;0,15;5,07;0,02
Gene_259;4,19;2,24;2,65;1,47;0,17;0,51;0
Gene_260;6,17;0,7;3,41;2,13;0,02;0,94;0,08
Gene_261;2,69;0,28;3,02;2,88;0,97;2,33;2,21
Gene_262;0,96;0,56;4,31;2,6;0,64;3,77;0,11
Gene_263;5,05;0,22;3,04;2,74;2,33;5,59;0,59
Gene_264;1,17;0,27;2,28;2,94;0,4;2,5;0,26
Gene_265;5,85;3,56;6,31;5,92;1,36;4,77;7,85
Gene_266;4,59;3,08;5,77;6,74;2,5;3,69;4,52
Gene_267;5,64;4,15;4,27;4,65;0,82;4;3,91
Gene_268;1,87;0;2,01;2,04;0,28;1,51;1,68
Gene_269;2,23;0,65;4,15;4,58;0,5;0,5;0,27
Gene_270;4,75;1,06;4,62;4,39;0,62;0,7;0,28
Gene_271;3,77;0,51;2,15;1,04;0,17;1,53;0,35
Gene_272;2,46;1,07;1,59;2,24;0,44;0,72;0,1
Gene_273;3,47;1,27;1,82;1,53;1,2;2,18;0,46
Gene_274;5,24;6,5;4,41;2,67;0,84;2,93;0,28
Gene_275;2,75;0,27;2,07;3,23;0,21;2,28;0,06
Gene_276;7,29;0,03;6,07;7,82;0,31;4,04;0,12
Gene_277;4,94;0,1;3,89;3,16;0,08;2,32;0,48
Gene_278;1,91;0,69;1,99;0,87;0,11;2,07;0,56
Gene_279;1,36;0,01;0,68;1,36;0,1;0,58;0,1
Gene_280;4,26;0,1;3,29;4,84;0,93;1,94;1,01
Gene_281;3,29;0,55;0,69;1,44;2,83;1,37;1,22
Gene_282;7,74;0,18;5,72;5,83;0,83;5,13;3,64
Gene_283;5,26;1,94;5,37;6,64;1,31;2,55;4,71
Gene_284;2,19;0,09;1,81;0,95;0,06;1,88;0,42
Gene_285;5,05;0,09;4,08;3,41;0,11;2,97;0,02
Gene_286;2,86;0,36;1,2;0,72;0,06;1,9;1,7
Gene_287;1,86;0,82;1,83;0,63;0,04;1,61;3,53
Gene_288;5,01;4,63;5,45;3,34;0,4;3,86;4,45
Gene_289;0,83;0,3;2,24;0,73;3,35;5,07;0,38
Gene_290;4,23;2,04;5,56;4,88;1,75;2,57;1,37
Gene_291;5,32;3,54;7,35;3,2;1,21;6,09;0,8
Gene_292;4,57;0,47;3,78;3,06;0,04;1,9;0,89
Gene_293;4,92;1,19;7,32;7,23;2,2;4,56;7,24
Gene_294;4,13;0;3,48;1,8;0,14;0,61;0
Gene_295;6,57;2,7;3,8;2,42;2,08;1,36;0,32
Gene_296;6,12;2,34;2,71;1,04;2,28;3,89;0,26
Gene_297;5,81;3,57;4,4;3,83;3,38;3,62;1,69
Gene_298;5,84;0,6;2,86;1,95;0,3;2,12;0
Gene_299;2,17;0,14;3,28;1,28;2,32;5,56;0,39
Gene_300;0,15;0;0,32;0,69;0,95;1,65;5,5
Gene_301;0,54;0,07;3,52;1,63;1,91;8,35;0,18
Gene_302;3,13;1,1;2,45;0,44;0,03;0,59;0,07
Gene_303;6,3;1,41;6,33;1,77;0,02;1,88;0,35
Gene_304;4,48;0,06;3,7;6;1,31;2,11;0,37
Gene_305;4,35;5,15;5,33;5,79;3,53;3,56;2,01
Gene_306;2,13;0,02;4,32;2,14;3,45;3,42;3,27
Gene_307;0,14;0;0,1;0,03;0,05;0,12;0,08
Gene_308;0,26;0;0,13;0,26;0,06;0,08;0
Gene_309;0,14;0,03;0,69;3,65;0,07;0,53;0,13
Gene_310;1,88;0;0,5;3,28;4,35;0,52;0,66
Gene_311;2,95;0,02;2,64;6,54;4,64;3,03;3,7
Gene_312;4,87;0;1,61;5,25;3,82;6,98;0,59
Gene_313;2,26;0;1,55;1,86;1,19;0,06;0
Gene_314;0,49;0;0,66;2,02;0,09;0;0
Gene_315;0,04;0;0;0,13;0,01;0;0,24
Gene_316;0,91;0;0,99;3,62;0,08;0,02;0
Gene_317;0;0;0,01;0,03;0;0;0
Gene_318;1,38;0,01;3,24;3,91;1,33;0,31;0
Gene_319;0;0;0;0,01;0,02;0,02;0,03
Gene_320;0,04;0;0,03;0,23;0,25;0,02;0,03
Gene_321;0;0;0;0,15;0,07;0,04;0
Gene_322;0;0;0;0;0;0;0,05
Gene_323;0,63;0;0,2;0,07;0,01;0,07;0,26
Gene_324;0,04;0;0,01;0,02;0;0,04;0,05
Gene_325;0,38;0;0,42;1,27;1,34;0,2;0,06
Gene_326;0,02;0;0,07;0,28;3,26;0,14;0,48
Gene_327;0,06;0;3,23;4,86;2,35;0,32;0,28
Gene_328;0;0,02;0,02;0,24;0,86;0,1;0,02
Gene_329;0,02;0;2,26;3,26;0,63;0,15;0
Gene_330;0;0;0;0;0;0;0
Gene_331;0;0;0,01;0;0;0,04;0,33
Gene_332;0;0;0;0;0,02;0;0,17
Gene_333;0,72;0,03;0,98;5,6;4,46;2,73;2,85
Gene_334;5,2;3,01;3,27;3,3;3,24;4,31;1,53
Gene_335;3,77;0,46;1,62;1,28;0,25;1,54;0,35
Gene_336;2,75;0,49;3,53;2,37;0,21;2,11;1,08
Gene_337;2,15;0,08;2,19;1,7;3,16;3,77;6,49
Gene_338;4,92;0,05;2,68;2,56;1,04;3,85;1,84
Gene_339;1,16;0,04;2,12;2,75;0,88;2;2,02
Gene_340;6,58;0,51;4,33;8,27;1,23;9,09;9,89
Gene_341;0,24;0;0,04;0;0,02;0,01;0,2
Gene_342;0,73;0;0,91;1,06;0,33;0,45;3,04
Gene_343;5,35;0,37;1,93;0,69;2,06;1,44;0,28
Gene_344;4,38;0,61;2,94;2,67;0,54;10,28;0,03
Gene_345;0,93;0;1,55;1,75;0,1;2,53;0,32
Gene_346;0,08;0,12;1;1,06;0,33;1;6,69
Gene_347;3,37;2,03;3,69;4,65;2,67;3,4;3,13
Gene_348;2,66;0,03;2,28;4,88;5,1;6,04;0,75
Gene_349;2,14;0,16;1,56;1,41;0,76;2,2;4,17
Gene_350;1,44;0,11;0,41;1,85;0,85;3,01;5,08
Gene_351;3,9;0,34;2,29;4,39;1,39;2,42;1,06
Gene_352;3,55;0,18;1,73;1,99;1,19;1,46;2,42
Gene_353;2,78;0,17;0,31;6,48;1,9;0,46;3,39
Gene_354;3,37;1,47;0,9;0,55;0,12;6,03;0,65
Gene_355;2,43;0,18;0,5;0,78;0,05;1,08;0,41
Gene_356;1,18;0,28;1,18;0,55;0,65;0,91;4,88
Gene_357;0,03;0,01;0,28;0,15;0,05;0,16;5,4
Gene_358;0,26;0,12;1,06;0,26;0,14;0,75;4,48
Gene_359;3,57;0,13;2,52;3,69;0,34;1,11;0,67
Gene_360;5,4;0,02;5,18;6,66;0,84;1,7;0,34
Gene_361;3,32;0,08;2,27;2,02;1,11;1,11;4,88
Gene_362;5,09;1,07;5,1;5,91;1,3;3,57;2,84
Gene_363;2,22;0,27;4,02;3,8;1,05;6,25;0,18
Gene_364;6,67;0,29;7,11;8,74;1,88;4,5;1,4
Gene_365;6,6;2,44;6,56;6,22;1,31;3,15;5,02
Gene_366;4,69;1,48;4,57;5,05;1,87;3,29;2,56
Gene_367;0,4;0,81;0,97;0,64;4,25;2,95;2,97
Gene_368;1,41;2,29;2,21;2,05;1,16;1,35;0,66
Gene_369;1,29;1,98;0,64;0,81;0,93;2,63;0,61
Gene_370;3,81;0,16;1,55;0,52;0,22;0,44;0
Gene_371;4,53;0,28;1,93;1,4;1,68;1,04;0,36
Gene_372;1,4;0,32;2,33;8,34;3,7;3,37;0,36
Gene_373;4,55;3,96;5,31;3,46;5,24;4,29;3,46
Gene_374;2,98;0,31;0,89;0,71;0,01;1,1;0,25
Gene_375;0,9;6,07;0,73;0,06;0;0,16;0
Gene_376;0,66;0,46;6,29;8,92;2,41;1,29;0,47
Gene_377;2,5;0,14;6,9;10,32;10,67;1,29;1,86
Gene_378;0,29;0,01;5,54;8,3;8,42;1,44;0,48
Gene_379;3,05;0,02;9,29;12,5;8,98;1,85;0,65
Gene_380;3,04;0,1;5,76;4,14;0,62;0,55;2,6
Gene_381;5,59;2,01;1,83;0,34;1,42;0,85;1,14
Gene_382;4,72;1,5;3,08;3,27;1,65;1,25;2,43
Gene_383;3,63;1,95;2,75;1,22;0,54;2,61;0,56
Gene_384;2,89;0,01;4,41;3,84;0,22;0,9;0
Gene_385;4,16;1;4,09;3,09;0,37;1,79;0,18
Gene_386;5,67;0,43;3,38;3,88;0,23;2,09;0,34
Gene_387;4,48;0,02;2,36;2,56;0,11;3,24;1,37
Gene_388;1,66;2,08;2,11;2,46;0,32;0,3;5,22
Gene_389;0,39;0,13;0,56;0,68;0,46;0,18;7,9
Gene_390;2,22;0,4;2,94;2,86;0,49;1,51;0,37
Gene_391;3,86;0,04;5,69;3,2;0,37;0,89;0
Gene_392;4,08;0,29;1,63;1,8;0,25;2,42;0,66
Gene_393;4,61;0,65;2,82;2,95;0,71;4,69;1,27
Gene_394;0,85;1,61;2,56;1,85;0,66;4,48;0,21
Gene_395;2,33;0,07;5,9;5,29;3,89;0,73;0,1
Gene_396;9,79;0,77;6,04;7,91;1,35;3,68;0,62
Gene_397;5,92;0,06;4,47;8,44;1,99;8,23;1,14
Gene_398;9,31;2,88;7,71;8,93;4,85;6,31;0,64
Gene_399;4,7;0,14;4,94;7,26;1,1;4,23;7,41
Gene_400;1,75;0,17;1,09;1,78;0,17;4,74;2,76
Gene_401;1,33;0,87;1,35;1,77;0,19;0,81;2,73
Gene_402;4,07;2,77;2,51;2,63;3,1;1,61;2,05
Gene_403;1,97;0,76;1,13;0,66;4,64;0,9;0,79
Gene_404;1;0,23;0,85;1,54;2,01;5,67;0,67
Gene_405;1,13;0,32;0,55;1,56;0,67;1,34;0,06
Gene_406;6,14;1,05;2,62;6;2,64;6,65;1,22
Gene_407;1,79;0,71;0,35;1,09;0,12;1,27;0,24
Gene_408;1,91;0,19;0,53;4,13;0,9;2,57;0,23
Gene_409;3,78;0,05;2,93;4,49;0,14;2,29;0,47
Gene_410;0,81;0,06;2,34;0,21;0,2;0,81;0,09
Gene_411;4,09;2,28;5,06;5,36;3,47;3,29;5,13
Gene_412;2,8;0,04;0,84;1,25;0,02;0,54;0,08
Gene_413;5,82;1,34;2,24;1,34;1,24;1,33;1,48
Gene_414;6,71;0,69;3,95;3,91;2,82;2,51;0,56
Gene_415;1,78;1,3;1,44;0,67;0,58;1,26;0,09
Gene_416;2,49;0,51;2,61;4,07;1,18;2,46;0,35
Gene_417;2,99;0,05;1,81;3,34;0,74;0,87;1,23
Gene_418;4,07;0,02;2,22;3,02;0,2;1,75;0,09
Gene_419;7,02;0,64;4,65;5,59;1,29;2,57;0,8
Gene_420;4,73;2,8;4,05;4,45;2,09;1,57;4,16
Gene_421;6,98;1,15;6,49;7,6;2,48;2,94;2,72
Gene_422;6,1;3,81;3,38;0,5;3,41;0,73;0,87
Gene_423;3,23;0,85;3,39;2,7;0,18;0,38;0,19
Gene_424;2,87;0,17;2,88;3;0,06;1,17;0,42
Gene_425;2,71;0,03;3,08;4,5;0,59;1,25;1,02
Gene_426;3,66;0;2,06;1,59;0,14;0,82;0,15
Gene_427;7,63;0,26;5,44;7,56;0,46;2,81;2,66
Gene_428;3,19;0,18;2,63;2,9;0,11;3,58;0
Gene_429;3,91;0,07;2,8;3,5;0,2;4,01;0
Gene_430;3,65;0,36;3,76;3,27;0,22;4,52;0,18
Gene_431;3,83;0,28;2,34;2,51;0,53;1,71;0,42
Gene_432;3,77;0,26;1,04;3,03;0,68;0,58;5,35
Gene_433;8,53;1,87;5,36;4,6;1,16;0,71;0,67
Gene_434;1,97;0,08;1,58;1,22;0,15;6,84;0,41
Gene_435;3,18;0,13;1,48;1,61;0,74;1,67;0,38
Gene_436;7,48;1,12;3,62;4,95;2,32;4,63;3,18
Gene_437;5,96;1,12;5,3;7,82;3,5;3,47;0,51
Gene_438;3,57;0,36;3,41;4,26;0,65;2,69;1,7
Gene_439;5,11;1,19;2,36;2,32;1,72;1,75;0,13
Gene_440;2,27;0,07;0,24;1,43;0,37;0,34;0,06
Gene_441;0,88;5,25;0,88;0,27;3,71;5,97;0,4
Gene_442;0,3;0,02;2,76;0,4;3,83;2,86;0,31
Gene_443;3,66;0,19;1,98;2,58;5,71;2,59;2,61
Gene_444;3,45;0,15;6,48;4,28;5,06;1,3;0,35
Gene_445;3,31;3,72;3,62;4,52;9,97;1,57;1,53
Gene_446;3,88;0,92;5,46;5,27;2,25;1,71;2,29
Gene_447;0,24;0,17;0,5;0,49;0,07;6,4;0,12
Gene_448;2,23;0,02;4,06;3,98;3,36;3,75;0,84
Gene_449;3,15;0,01;1,58;2,2;0,37;1,98;1,34
Gene_450;3,86;1,9;5,29;4,42;1,82;3,88;1,64
Gene_451;6,01;1,37;5,96;5,74;1,71;3,03;1,96
Gene_452;1,87;0,4;3,93;5,06;0,75;2,55;5,36
Gene_453;1,55;0,52;3,37;1,49;2,15;1,9;0,55
Gene_454;2,59;0,74;0,69;0,83;0,51;8,98;4,26
Gene_455;2,53;0,04;1,02;0,7;0,22;1,73;0,24
Gene_456;2,53;0,02;0,79;1,11;0,02;0,06;0
Gene_457;3,99;0,26;1,42;1,43;0,1;1,32;0,67
Gene_458;3,42;0,16;1,19;1,58;0,05;1,05;0,28
Gene_459;1,3;0,02;1,45;1,44;0,27;0,35;0,37
Gene_460;5,6;0,03;4,87;7,08;5,46;5,5;2,7
Gene_461;5,84;0,7;4,09;2,74;4,22;0,31;1,25
Gene_462;0,3;0,03;0,49;2,85;1,53;0,42;0,83
Gene_463;0,18;0;1,15;1,06;0,84;0,37;5,82
Gene_464;0,68;0,01;0,38;0,65;0,14;3,32;2,61
Gene_465;5,19;0,01;5,4;7,62;0,35;4,76;2,6
Gene_466;4,19;0,39;1,68;1,82;1,12;1,15;3,57
Gene_467;1,06;0,19;0,38;0,95;1,07;0,17;0,53
Gene_468;5,48;1,02;3,67;3,49;0,98;2,89;0,6
Gene_469;1,22;1,71;5,89;6,16;5,42;5,31;6,57
Gene_470;4,28;0,13;2,18;2,69;2,65;3,35;1,26
Gene_471;2,42;0;0,56;0,98;0,18;1,76;0,3
Gene_472;9,41;0,54;7;8,52;1,55;6,44;2,05
Gene_473;2,5;0;0,43;1,48;0,86;1,54;1
Gene_474;5,43;0,03;4,03;4,78;0,43;4,93;5,92
Gene_475;0,43;0,06;1,12;2,78;0,67;5,79;0,46
Gene_476;4,24;0;1,6;0,93;0,28;1,68;0,52
Gene_477;3,81;0,02;1,17;1,41;0,04;0,04;0
Gene_478;4,48;0,59;1,51;1,67;2,28;1,19;0,54
Gene_479;6;0,22;5,43;4,28;0,5;1,78;0,12
Gene_480;3,56;0,11;3,15;3,02;2,04;1,98;2,32
Gene_481;5,1;1,44;3,33;2,75;2,2;1,42;1,66
Gene_482;7,92;0,78;2,82;4,9;1,16;2,4;2,4
Gene_483;2,02;0;0,19;0,56;0,16;0,08;0,04
Gene_484;1,38;0;0,06;0,44;0,14;0,03;0,14
Gene_485;2,13;0,42;0,35;0,41;0,11;0,63;0,18
Gene_486;9,29;4,2;8,85;8,62;5,89;5,15;1,5
Gene_487;1,76;2,04;1,4;2,64;0,2;0,87;2,25
Gene_488;5,66;0,91;6,95;7,78;1,66;7,97;0,63
Gene_489;4,16;0,13;3,52;2,63;1,37;1,77;2,02
Gene_490;2,94;2,44;4,44;6,68;2,07;1,17;6,75
Gene_491;3,06;0,4;1,99;4,39;3,49;1,58;1,69
Gene_492;3,65;0,08;4,96;9,18;7,01;9,33;8,97
Gene_493;1,37;0;0,73;6,96;5,47;1,16;0,34
Gene_494;0;0;0,04;2,47;0,37;2,81;2,37
Gene_495;0,04;0;0,07;0,93;1,48;0,15;0,18
Gene_496;2,1;0,04;4,35;7,06;6,92;0,94;0,71
Gene_497;0,08;0;0,25;0,3;0,04;0;0
Gene_498;1,52;0;1,28;1,8;0,11;0,16;0,32
Gene_499;0,59;0,02;1,12;5,57;0,42;0,7;0,1
Gene_500;0,57;0;1,29;1,06;0,37;0,09;0,04
Gene_501;0,36;0;1,93;2,6;0,81;0,13;0,05
Gene_502;0;0;0;0;0,02;0;0,36
Gene_503;0,02;0;0;0,06;0,08;0,02;0,17
Gene_504;0,02;0;0,03;0,45;1,02;0,02;0,08
Gene_505;0;0;0;0,08;0,06;0;0,02
Gene_506;0,07;0,01;0,65;0,44;0,05;0;0
Gene_507;0,33;0,05;0,23;0,37;1,39;0,05;0,38
Gene_508;0,02;0;0,03;0;0;0;0
Gene_509;0,59;0;0,08;0,01;0;0,04;0
Gene_510;0,02;0;0;0;0;0,03;0,06
Gene_511;0,95;0;1,13;0,59;1,72;0,1;0
Gene_512;0,23;0;0,58;2,19;0,08;0;0,01
Gene_513;0,04;0;0,03;0;0;0,05;0,15
Gene_514;0,07;0;0,16;0,86;0,27;0;0,07
Gene_515;4,64;0,3;0,91;3,22;2,07;4,71;0,09
Gene_516;0,78;0;0,11;0,32;2,19;2,1;0,17
Gene_517;0;0;0;0,04;0,01;0;0,46
Gene_518;0,03;0;0,04;0,16;0;0;0
Gene_519;0;0;0,09;0;0;0;0,18
Gene_520;0;0;3,06;3,5;0,67;0,8;1,31
Gene_521;0,03;0;0,4;0;0;0;0,47
Gene_522;0,21;0;0,29;0;0;0;0
Gene_523;1,48;0,02;1,37;0,82;0;0;0
Gene_524;2,61;0,07;1,03;1,14;0,11;2,73;0,07
Gene_525;4,95;0,05;2,75;3,87;0,97;2,49;0,21
Gene_526;5,16;0,28;4,63;4,09;1,16;4,68;3,5
Gene_527;1,75;0,07;2,31;2,64;0,33;2,67;0,49
Gene_528;6,56;0,01;3,79;5,25;0,19;2,45;0,31
Gene_529;1,97;1,28;1,78;1,1;0,52;1,01;1,03
Gene_530;3,77;0,47;5,2;7,58;1,96;3,74;2,92
Gene_531;5,75;0,25;4,75;6,16;0,5;2,81;1,24
Gene_532;4,64;0,15;2,39;2,25;0,17;2,67;2,37
Gene_533;5,86;0,46;5,65;5,73;3,18;2,87;3,32
Gene_534;5,54;0,55;3,33;4,06;1,62;4,71;2,19
Gene_535;0,76;0,09;0,96;3,12;0,64;1,47;1,61
Gene_536;2,07;0,19;3,21;4,34;0,93;1,56;4,98
Gene_537;2,95;0,01;3,81;0,78;0;0,15;0
Gene_538;5,35;0,16;4,87;6,1;1,8;2,94;1,84
Gene_539;1,38;0,05;1,22;3,12;1,62;4,37;0,77
Gene_540;0,49;0,12;2,55;1,3;1,98;10,01;0,27
Gene_541;0,08;0,04;0,9;0,06;0,58;3,36;0,18
Gene_542;0,51;0,06;1,56;0,88;3,9;11,74;3,64
Gene_543;0,74;0,02;1,21;2,83;5,12;1,5;1,46
Gene_544;4,3;0,14;1,95;2,36;0,59;2,53;2,7
Gene_545;8,86;0,25;7,62;7,85;2,71;5,02;0,96
Gene_546;3,93;0,22;3,5;4,09;0,13;2,64;0,66
Gene_547;3,34;12,32;3,82;1,28;0,19;0,02;0,07
Gene_548;2,77;3,89;1,74;0,71;0,12;2,53;0,47
Gene_549;3,86;0,78;2,35;1,57;0,27;1,08;0,18
Gene_550;3,65;0,15;2,97;2,89;0,3;0,04;0,06
Gene_551;5,8;1,09;6,15;7,03;1,01;4,42;7,35
Gene_552;5,28;0,27;3,97;1,28;3,12;4,57;2,39
Gene_553;5,25;2,83;3,26;5,24;3,57;2,53;2,19
Gene_554;5,01;1,86;3,29;4,1;2,47;3,03;2,91
Gene_555;4,49;1,86;3,73;4,64;4,12;3,1;3,1
Gene_556;2,33;0,01;4,33;5,8;1,01;2,44;4,11
Gene_557;6,08;0,07;8,1;8,51;1,2;5,21;3,7
Gene_558;0,34;0,01;0,47;0,31;0,09;1,89;5,88
Gene_559;5,86;0,1;6,92;7,29;3,87;5,32;1,5
Gene_560;5,48;3,88;4,83;5,79;2,17;1,75;0,27
Gene_561;5,63;3,22;4,2;1,24;0,39;2,47;0,54
Gene_562;7,25;3,13;6,94;8,32;1,86;6,93;0,57
Gene_563;7,41;1,51;7,32;9,66;3,45;6,49;0,24
Gene_564;4,17;0;3,4;5,4;0,98;3,29;0,83
Gene_565;3,76;0;5,77;5,75;1,01;2,83;0,94
Gene_566;4,76;0;5,2;4,09;1,55;3,33;0,1
Gene_567;8,14;0;6,19;5,75;0,21;2,48;0,84
Gene_568;5,91;0,04;3,3;4,01;2;2,12;0,22
Gene_569;0,93;0,05;0,05;0,31;0,14;0,05;0,03
Gene_570;9,36;0,24;7,89;8,61;2,72;6,94;1,29
Gene_571;8,88;0,07;7,12;7,86;2,61;4,46;1,92
Gene_572;0,53;0,12;0,49;0,09;0,02;3,3;2,69
Gene_573;4,29;0,41;1,79;1,9;0,52;3,7;0,37
Gene_574;3,72;0,12;3,75;5,98;1,46;3,39;0,78
Gene_575;2,39;0,05;2,93;3,79;0,92;2,32;1,17
Gene_576;5,22;0,56;6,62;7,5;4,08;5,73;7,28
Gene_577;3,76;0,4;4,2;4,94;0,89;0,38;2,59
Gene_578;1,78;0,46;1,26;1,3;0,32;0,37;7,14
Gene_579;1,78;0,58;1,43;2,65;0,11;0,1;3,09
Gene_580;0,48;0;2,91;2,04;2,91;2,6;0,07
Gene_581;8,02;0;5,68;5,37;0,51;1,97;2,95
Gene_582;2,87;0,09;1,99;1,65;3,53;0,26;0,72
Gene_583;0,86;0,08;0,3;0,29;0,48;0,1;0,03
Gene_584;5,55;0,04;2,62;2,58;0,12;1,01;1,1
Gene_585;2,39;0,03;1,73;3,53;0,32;1,2;0,01
Gene_586;0,73;1,19;0,52;0,32;2,61;0,3;0,28
Gene_587;3,79;0,23;4,28;3,19;0,2;2,69;0
Gene_588;4,7;0,02;4,11;3,7;0,25;2,24;0,62
Gene_589;3,19;1,8;1,33;1,61;0,36;5,97;0,59
Gene_590;2;0,53;0,58;0,32;0,05;6,23;0,17
Gene_591;2,08;0,59;4,93;4,37;1,29;3,52;6,38
Gene_592;3,57;0,03;1,83;0,4;0,38;0,88;1,13
Gene_593;0,48;0;0,04;0,28;0,08;0,17;0,11
Gene_594;5,54;0,02;1,98;3,48;0,75;3,71;0,53
Gene_595;9,18;0,91;8,03;9,01;5,49;6,59;4,57
Gene_596;3,66;0,04;1,87;0,57;0,36;1,18;1,54
Gene_597;4,4;0;3,52;3,68;1,05;2,05;2,25
Gene_598;3,81;0;1,72;1,62;0,78;1,98;1,04
Gene_599;4,38;0,04;2,89;1,6;0,43;3,66;0,2
Gene_600;3,64;0,03;0,3;0;0,1;2,65;0,08
Gene_601;4,62;3,7;2,95;2,12;3,7;5,03;6,56
Gene_602;5,51;1,93;4,64;2,84;0,34;6,4;2,79
Gene_603;1,66;0,32;3,5;5,37;1,54;0,74;0,49
Gene_604;6,51;0,52;3,13;4,37;1,38;2,53;1,75
Gene_605;1,24;0,14;0,35;4,12;4,21;3,27;1,29
Gene_606;2,18;0,2;1,05;3,92;4,31;3,57;1,17
Gene_607;1,95;1,15;1,33;3,17;1,19;2,48;0,41
Gene_608;1,64;0,09;0,93;0,36;0,04;0,13;0,25
Gene_609;5,69;0,01;4,21;3,68;0,12;0,92;0,55
Gene_610;3,13;0;2,33;3,66;0,41;1,49;1,82
Gene_611;6,32;0,31;4,87;3,1;0,58;5;2,9
Gene_612;1,83;0,03;3,3;6,05;1,04;7,39;8,06
Gene_613;1,55;0;0,11;2,05;0,7;4,3;0,48
Gene_614;4,15;0,28;2,58;1,8;0,1;2,8;0,13
Gene_615;1,11;0,05;2,27;1,3;0,34;8,01;0,24
Gene_616;6,04;0,29;7,36;8,44;1,5;5,17;3,32
Gene_617;2,77;0,09;0,49;1,29;0,21;4,44;1,26
Gene_618;6,3;0,06;4,19;3,07;0,09;1,4;0,11
Gene_619;3,07;0,07;1,72;2,02;0,13;1,4;1,48
Gene_620;0,7;0,04;0,88;1,45;0,26;1,22;2,83
Gene_621;3,4;0;3,05;4,04;0,47;2,51;0,95
Gene_622;1,78;0;3,13;4,33;1,55;4,35;3,2
Gene_623;5,04;0,02;3,02;2,86;5,69;1,45;2,03
Gene_624;0,5;0,11;0,29;0,08;0,1;0,25;0,11
Gene_625;0,17;0;0,67;0,14;0,03;0,09;0,02
Gene_626;7,99;1,2;5,97;7,64;2,72;4,51;1,89
Gene_627;1,88;0,03;0,54;0;0,06;0,27;0,01
Gene_628;5,27;0,1;4,38;3,82;0,14;2,99;0
Gene_629;5,35;0,06;3,2;3,75;0,12;1,22;0,13
Gene_630;2,02;0,02;0,7;0,65;0,04;0,94;0,23
Gene_631;3,38;0;2,23;1,6;0,09;1,1;0,62
Gene_632;4,71;0,11;2,55;2,88;1,91;1,14;0,63
Gene_633;3,4;0,26;1,8;1,25;0,25;1,08;1,92
Gene_634;2,24;2,31;3,06;1,06;0,98;0,64;6,99
Gene_635;2,53;0,03;2,28;4,6;0,3;1,57;5,61
Gene_636;3,29;0,09;3,23;4,7;0,45;2,56;0,93
Gene_637;3,44;2,2;2,55;2,13;0,67;1,91;1,66
Gene_638;5,47;0,31;4,14;5,55;2,61;4,19;1,91
Gene_639;4,66;0,04;3,26;4,05;2,27;1,52;0,94
Gene_640;1,02;0;1,41;2,09;0,06;0,63;0,54
Gene_641;2,67;0,18;1,84;2,08;0,07;1,34;4,79
Gene_642;3,5;0,13;2,84;2,89;0,08;0,67;0,07
Gene_643;2,12;0,01;0,71;2,94;1,05;1,22;3,31
Gene_644;3,98;2,67;1,05;2,65;1,36;0,22;3,09
Gene_645;4,95;1,46;3,68;4,25;1,7;2,01;1,95
Gene_646;5,39;5,06;1,84;0,1;0,05;0;0,04
Gene_647;2,01;1,64;1,13;2,22;1,29;2,1;0,49
Gene_648;1,54;3,01;1,56;1,87;0,43;1,45;1,14
Gene_649;1,81;0,38;1,53;1,66;0,02;1,61;0,52
Gene_650;4,73;0,09;1,96;2,68;0,78;2,66;0,53
Gene_651;3,02;0,24;0,38;0,02;0,13;4,91;0,04
Gene_652;2,54;1,37;2,55;2,36;0,35;1,15;5,41
Gene_653;4,87;0,51;2,99;5,3;0,72;0,69;0,35
Gene_654;3,08;0,03;2,91;1,19;0,04;1,44;2,16
Gene_655;0,29;0,02;1,17;0,27;0,07;1,32;3,96
Gene_656;3,87;1,04;2,29;3,01;1,34;7,54;0,47
Gene_657;4,8;0,37;1,57;2,98;0,54;0,29;0
Gene_658;1,58;0,99;0,6;0,92;0,24;0,41;1,67
Gene_659;5,21;0,05;3,7;1,04;0,19;1,81;0,16
Gene_660;2,77;0;1,96;1,28;0,02;0,86;0,22
Gene_661;4,19;0,59;2,54;3,48;0,32;1,56;3,47
Gene_662;1,66;0,47;1,37;3,87;0,35;2,8;3,31
Gene_663;3,38;0,23;3,74;1,57;0,7;0,58;1,2
Gene_664;1,95;0,45;4,16;3,79;2,41;1,77;4,16
Gene_665;4,62;2,52;3,82;8,05;1,98;0,93;1,09
Gene_666;1,82;0,15;1,92;4,24;0,37;0,88;1,37
Gene_667;8,86;1,01;6,64;8,94;2,59;5,34;3,34
Gene_668;6,41;1,37;2,13;2;2,48;2,37;1,42
Gene_669;6;1,82;2,35;0,95;0,54;1,32;0,5
Gene_670;1,07;4,18;1,3;0,55;0,17;2,68;0,03
Gene_671;2,73;0,11;4,02;4,32;0,39;0,31;5,18
Gene_672;1,32;0,01;2,75;2,96;0,56;3,3;0,96
Gene_673;4,42;0,79;5,44;5,93;2,61;4,46;0,04
Gene_674;4,85;2,64;3,62;3,21;1,62;2,53;0,42
Gene_675;4,67;0,33;3,22;5,08;2,38;1,81;1,73
Gene_676;2,85;0,26;2,03;4,31;0,8;2,55;0,42
Gene_677;4,25;1,86;2,09;2,04;1,21;1,92;3,29
Gene_678;3,79;1,72;3,81;5;1,9;5,73;2,6
Gene_679;0,4;0,24;0,51;0,59;0,19;0,72;5,98
Gene_680;1,2;0,07;1,74;1,67;3,1;0,8;0,65
Gene_681;1,64;0;6,53;11,63;5,21;0,81;1,65
Gene_682;1,55;0,21;1,37;2;1,01;1;10,32
Gene_683;5,18;1,73;2,54;1,3;2,48;1,62;2,14
Gene_684;5,74;2,45;6,54;6,43;1,45;4,47;1,64
Gene_685;3,97;0,47;2,04;3,89;0,19;3,01;0,06
Gene_686;5,52;0,53;4,65;6,31;0,14;4,74;2,25
Gene_687;2,77;0,59;4,6;7,04;0,8;2,31;8,32
Gene_688;4,37;0,12;4,92;7,12;1,4;1,06;1,32
Gene_689;4,8;0,52;4,75;5,53;0,73;2,45;1,34
Gene_690;3,47;0,02;1,74;2,24;0,3;0,93;0,42
Gene_691;2,94;0;0,51;2,57;0,11;3,76;0,3
Gene_692;0,51;1,22;0,46;0,12;0,08;2,54;1,17
Gene_693;0,06;0,05;0,1;0,41;0,44;10,45;0,09
Gene_694;4,4;0,07;2,16;3,14;0,18;2,36;0,24
Gene_695;5,65;0,55;3,77;7,48;0,7;6,36;1,71
Gene_696;9,73;1,81;7,23;8,04;3,04;5,55;3,25
Gene_697;1,57;0;1,33;0,39;0,23;9,51;0,99
Gene_698;6,96;0,29;3,83;9,12;4,32;7,29;3,6
Gene_699;3,08;2,75;8,09;4,32;6,04;4,91;0,95
Gene_700;6,1;1,61;4,66;5,16;0,54;1,78;0,84
Gene_701;7,09;0,18;4,09;4,73;1,1;2,47;1,52
Gene_702;1,86;0,61;4,99;5,87;2,08;2,47;2,87
Gene_703;3,78;0,06;6,31;8,82;1,11;4,11;1,71
Gene_704;3,59;0,37;1,58;3,01;2,69;3,53;2,16
Gene_705;1,85;0;1,04;1,87;0,17;0,45;0
Gene_706;0,13;0,01;0,18;2,74;4,72;0,37;0,73
Gene_707;0;0,02;0;0;0;0;0
Gene_708;0;0;0;0;0;0;0
Gene_709;0;0;0;0;0,03;0;0
Gene_710;0,08;0;0,01;0,56;2,52;0,05;0,4
Gene_711;0;0;0;0;0;0;0
Gene_712;0;0;0;0;0,11;0,02;0
Gene_713;0;0;0,01;0,46;0;0;0
Gene_714;0;0;0;0,16;0,12;0,04;0,05
Gene_715;0,03;0;0;0;0,03;0,03;0
Gene_716;0,03;0,03;0,04;0,03;0,33;0;0,11
Gene_717;0;0;0;0,02;0,01;0;0
Gene_718;0,54;0,12;0,86;5,35;0,77;4,05;3,6
Gene_719;1,63;14,01;2,94;0,58;0,81;0,18;0,08
Gene_720;2,22;2,11;2,66;6,73;0,66;0,46;5,88
Gene_721;0,14;0,16;0,91;0,41;4,8;0,54;0,24
Gene_722;3,7;0,04;2,58;3,56;1,35;1,22;0
Gene_723;5,5;4,5;4,34;0,22;4,5;1,44;0,25
Gene_724;0,53;0,48;6,02;4,12;1,54;6,42;0,64
Gene_725;8,54;2,09;5,82;1,48;5;2,13;1,21
Gene_726;2,18;0,8;2,2;2,45;0,11;1,13;0,04
Gene_727;0,9;0,38;1,38;0,29;0,18;8,22;1,89
Gene_728;3,19;0;1,91;0,42;0,04;1,42;0,09
Gene_729;4,99;0,02;3,93;5,02;0,16;2,7;0
Gene_730;3,79;1,36;3,98;2,47;0,26;0,33;0,85
Gene_731;0,65;0,22;0,27;0,3;0,12;0,22;4,55
Gene_732;2,46;2,45;3,96;3,91;4,27;7,99;1,68
Gene_733;5,3;1,33;5,7;7,95;1,71;1,56;0,68
Gene_734;1,48;0,14;1,55;0,25;0,46;9,21;0,02
Gene_735;5,42;0,33;4,3;2,21;1,61;6,58;0,12
Gene_736;5,77;0,57;2,68;2,24;2,02;3,93;2,23
Gene_737;2,1;1,32;0,79;2,73;1,5;1,04;3,58
Gene_738;2,08;0,25;1,85;0,32;0,87;1,05;0,29
Gene_739;2,65;0,28;1,81;0,53;1,36;1,94;0,52
Gene_740;5,64;2,7;5,69;6,6;1,66;4,53;2,02
Gene_741;1,17;0,02;3,91;3,09;3,51;7,63;2,4
Gene_742;0,04;0;0,53;0,62;1,87;1,46;0,8
Gene_743;2,08;0,27;2,74;2,76;0,52;9,54;3,78
Gene_744;9,12;0,11;7,08;7,56;2,09;5,43;2,94
Gene_745;4,5;1,73;3,77;4,67;0,79;1,54;1,68
Gene_746;0,6;0,28;0,74;0,86;1,03;5,84;1,91
Gene_747;1,23;0,23;3,2;3,17;1,26;2,25;0,03
Gene_748;4,86;0,43;1,75;1,76;0,23;3,34;3,24
Gene_749;1,17;0,08;0,48;0,58;2,59;2,25;2,95
Gene_750;4,62;0,62;2,23;0,28;2,45;2,68;0,73
Gene_751;0,45;0;0,6;0,87;0,28;5,87;6,94
Gene_752;1,04;0;0,4;0,52;0,33;9,92;0,43
Gene_753;1,28;0,03;2,55;3,5;0,19;2,75;0,13
Gene_754;4,15;0;2,01;2,26;0,16;0,38;0,37
Gene_755;5;0,02;2,95;4,2;0,28;0,18;0,22
Gene_756;3,56;0,42;1,52;2,27;0,54;0,48;5,81
Gene_757;4,92;0,15;1,65;1,53;2,31;0,69;1,82
Gene_758;3,67;0;6,55;0,34;0,23;0,54;0,04
Gene_759;3,13;0,02;2,2;8,48;4,1;3,72;0,66
Gene_760;3,91;0,03;5,57;6,76;0,53;6,64;0,14
Gene_761;5,24;1,55;2,79;4,92;0,83;1,04;0,24
Gene_762;5,25;0,27;2,21;2,61;1,78;2,48;5,32
Gene_763;2,76;0;2,07;1,97;1,04;3,2;4,53
Gene_764;3,7;0,3;3,59;6,05;0,72;1,1;0,01
Gene_765;5,19;1,61;3,76;3,99;2,41;4,62;0,2
Gene_766;6,14;0,19;3,33;4,73;1,31;7,23;0
Gene_767;4,25;0,31;2,54;4,45;5,73;4,25;4,77
Gene_768;4,95;2,99;5,27;6,38;4,13;3,89;0,35
Gene_769;5,45;1,25;6,81;7,69;2,12;3,86;0,52
Gene_770;5,02;5,71;3,61;4,26;2,64;0,83;0,51
Gene_771;4,6;0,72;2;1,2;0,96;3,46;0,3
Gene_772;1,36;0,06;0,67;2,91;0,07;0,66;0,2
Gene_773;5,18;2,27;1,63;1,94;0,15;2,25;0,36
Gene_774;6,23;0,55;6,86;8,34;1,47;9,35;3,21
Gene_775;0,93;2,05;2,51;2,36;0,85;4,76;1,01
Gene_776;3,54;3,18;3,93;0,47;0,15;1,57;0,26
Gene_777;1,62;0,67;1,07;0,71;4,81;6,78;2,48
Gene_778;2,73;0,53;4,2;3,61;1,76;1,39;1,69
Gene_779;3,9;0,2;6,37;6,18;1,71;5,48;0,95
Gene_780;1,15;0,46;1,42;0,74;1,32;1,86;0,22
Gene_781;2,67;0,36;2,98;4,03;0,77;2,86;10,22
Gene_782;3,83;0;1,58;2,31;0,16;1,17;0,58
Gene_783;2,77;0,52;2,43;2,78;0,34;3,42;0,11
Gene_784;4,55;0,46;3,29;2,98;0,08;1,5;1,61
Gene_785;2,25;0,23;1,13;1,35;0,04;0,64;1,6
Gene_786;2,95;0,1;2,12;4,46;0,3;1,55;6,98
Gene_787;0,05;0;0,13;0,22;0,02;0,02;3,9
Gene_788;0,06;0,1;0,77;0,32;0,09;0;0,38
Gene_789;7,04;6,15;7,82;6,79;8,43;6,18;6,42
Gene_790;3,66;0,66;1,99;3,71;0,32;0,57;0,03
Gene_791;3,04;5,78;4,63;1,47;0,23;2,03;0,16
Gene_792;4,9;1,18;5,13;4,32;0,98;2,62;0
Gene_793;2,13;0,5;2,57;2,59;0,35;2,01;0,08
Gene_794;2,28;0,14;2,62;2,76;0,35;2,07;6,67
Gene_795;2,28;0,59;1,17;2,16;0,11;1,56;1,74
Gene_796;3,67;0,55;1,66;1,62;0,21;3,22;0,67
Gene_797;4,33;0,09;2,93;4,43;0,22;3,23;0,05
Gene_798;2,25;0;2,04;6,27;2,27;5,26;5,88
Gene_799;3,22;0,41;2,05;0,6;1,39;1,58;1,31
Gene_800;4,52;0,8;3,69;5,56;1,92;3,18;4,23
Gene_801;3,03;0,14;4,62;5,19;1,71;5,77;1,29
Gene_802;2,99;0,16;1,21;1,91;0,5;2,23;0,04
Gene_803;5,91;2,19;3,47;5,2;0,52;4,64;0,48
Gene_804;1,46;0,39;1,48;1,64;3,6;1,68;0,34
Gene_805;1,91;0,42;1,4;2,97;1,35;1,89;6,42
Gene_806;3,92;0,11;3,09;3,41;0,54;2,41;3,27
Gene_807;3,27;0,12;2,8;2;0,3;1,98;2,94
Gene_808;4,75;0,02;5,73;5,69;2,36;5,28;3,14
Gene_809;4,2;1,21;4,79;2,48;4,61;6,03;5,08
Gene_810;4,86;0,4;3,36;4,01;2,82;2,96;3,09
Gene_811;3,19;0,09;0,96;0,53;0,15;6,05;0,93
Gene_812;5,56;0,11;1,85;0,07;0,12;4,77;0,31
Gene_813;2,52;0,08;1,53;0,02;0,02;1,78;1,07
Gene_814;0,14;0,02;0,17;0,75;0,1;0,23;4,56
Gene_815;4,51;4,93;2,16;1,32;0,27;0;0
Gene_816;3,71;6,55;2,44;1,97;3,82;2,92;2,48
Gene_817;9,3;0,5;3,87;7,02;3,52;5,83;0,53
Gene_818;1,66;0,18;1,84;0;0,03;0,08;0
Gene_819;1,15;0,05;2,01;2,03;0,58;0,43;0
Gene_820;6,81;1,83;6,59;4,45;2,77;3,41;0,36
Gene_821;3,77;0,15;2,47;1,41;0,16;0,97;0,19
Gene_822;7,16;6,42;6,95;6,91;8,87;6,63;1,33
Gene_823;5,91;1,4;6,11;6,51;0,78;2,36;0
Gene_824;3,76;0,2;2,82;3,82;0,16;1,36;0,16
Gene_825;3,57;0,91;2,97;2,95;0,56;7,88;1,72
Gene_826;0,38;0;2,38;4,49;2,98;1,9;2,33
Gene_827;10,52;0,1;8,06;8,86;3,46;5,62;0,32
Gene_828;1,21;0,05;1,55;0,6;0,42;9,7;0,22
Gene_829;5,51;0,52;1,63;1,69;1,6;0,69;0,5
Gene_830;3,24;0,67;1,19;1,24;0,41;4,74;0,13
Gene_831;3,38;0,14;2,58;4,11;0,31;1,81;0,22
Gene_832;4,64;0,35;1,63;1,61;1,8;3,07;2
Gene_833;4,43;0,22;1,45;0,87;1,74;3,91;0,21
Gene_834;5,98;1,28;5,04;3,99;2,83;2,07;0,57
Gene_835;2,72;0,51;5,28;6,73;4,72;5,29;5,72
Gene_836;2,35;0,62;0,71;2,26;5,43;5,98;6,98
Gene_837;4,22;0,4;6,66;7,39;5,51;5,76;1,03
Gene_838;1,11;2,36;1,72;0,77;3,39;3,43;0,11
Gene_839;4,01;0,45;1,5;0,91;1,1;0,73;0,44
Gene_840;1,25;1,14;0,92;0,33;0,71;0,84;0,43
Gene_841;2,25;0,82;1,57;0,42;0,58;1,07;0,46
Gene_842;2,8;0,05;1,48;3,18;3,29;1,23;1,52
Gene_843;1,08;0,1;0,24;0,13;0,03;1,03;2,31
Gene_844;5,81;1,45;2,86;2,39;0,67;3,41;0,33
Gene_845;0,31;6,2;0,43;0,22;0,34;0,05;0,04
Gene_846;4,75;0,46;4,58;5,75;0,85;1,6;0,3
Gene_847;3,63;0,55;5,83;6,01;4,5;4,44;7,96
Gene_848;6,31;0,16;4,55;2,49;1,28;4,11;0,17
Gene_849;6,63;0,34;4,91;5,48;3,41;2,46;0,49
Gene_850;1,78;0,91;1,37;0,44;3,87;1,44;0,06
Gene_851;2,92;3,02;3,25;3,02;3,09;6,83;5,14
Gene_852;2,37;0,02;2,33;0,34;0,08;1,02;0,87
Gene_853;2,92;0,01;3,15;2,2;0,05;1,17;1,85
Gene_854;4,84;0,37;3,28;2,7;0,2;0,25;0,12
Gene_855;3,93;0,2;1,8;2,29;0,12;0,15;0
Gene_856;2,31;0,84;2;1,92;2;3,16;0,07
Gene_857;6,38;0,02;0,91;2,52;2,42;14,91;3,26
Gene_858;9,5;1,82;1,63;2,9;2,63;15,37;2,32
Gene_859;2,22;0;0,4;2,37;0,27;2,73;0,13
Gene_860;1,12;0,1;0,8;0,5;3,64;2,28;0,41
Gene_861;5,51;1,78;5,68;4,33;2,67;5,37;0,64
Gene_862;2,03;0,2;1,37;0,41;0,13;1,9;0,26
Gene_863;4,73;2,69;4,22;3,69;0,22;3,36;1,03
Gene_864;2,98;0,76;2,28;0,86;2,37;0,98;0,35
Gene_865;0,08;0,02;2,74;3,23;0,55;0,19;0,12
Gene_866;0,89;0;1,37;1,09;0,2;0,61;0,17
Gene_867;5,5;0,12;3,55;3,18;0,74;1,06;0,54
Gene_868;4,54;1,98;4,52;6,06;1,3;4,66;5,51
Gene_869;1,04;0,18;1,49;0,47;0,27;6,13;0,12
Gene_870;3,33;0,18;0,97;1,62;0,95;1,7;0,75
Gene_871;2,78;0,11;4,7;7,18;0,92;3,33;0,68
Gene_872;4,5;0,38;1,62;3,54;0,22;2,7;1,88
Gene_873;3,57;0,38;1,71;1,42;0,12;2,48;1,01
Gene_874;5,86;1,21;5,47;6,43;1,05;2,32;3,94
Gene_875;4,77;0,04;3,78;1,31;0,39;2,54;5,27
Gene_876;3,23;0,07;3,49;1,73;0,12;1,86;0,07
Gene_877;3,66;0,07;1,79;2,03;0,03;1,38;0,05
Gene_878;5,16;3,98;4,08;4,86;4,23;3,03;2,02
Gene_879;2,82;0,17;1,84;7,73;7,77;6,75;5,24
Gene_880;3,05;0;2,13;1,89;0,26;0,33;1,71
Gene_881;4,46;0;1,31;2,03;0,21;1,51;1,83
Gene_882;4,71;0,02;3,69;1,29;0,9;1,61;0,35
Gene_883;6,18;1,43;4,79;5,82;2,14;3,37;2,25
Gene_884;1,59;0,15;2,44;5,11;3,73;5,1;0,96
Gene_885;0,3;0,01;0,43;0,67;0,59;10,67;0,11
Gene_886;0,79;0,4;2,75;2,13;0,29;2,23;2,03
Gene_887;2,96;0,07;2,22;3,99;0,58;1,67;0,19
Gene_888;2,67;0;3,64;4,39;0,51;3,92;0,19
Gene_889;1,1;0,02;1,58;1,41;0,16;4,4;0,08
Gene_890;0,52;0,03;2,05;0,05;0,02;0,73;0
Gene_891;4,46;0;2,04;3,15;0,17;2,86;0
Gene_892;3,75;0,03;2,73;2,73;0,43;2,81;0,73
Gene_893;2,54;0;2,69;2,72;1,01;1,41;1,37
Gene_894;0,07;0;0,66;0,99;0,66;6,12;0,67
Gene_895;3,03;0,1;2,37;1,51;0,02;2,04;0,14
Gene_896;6,48;0,58;5;6,63;2,26;5,07;0,4
Gene_897;5,56;0,16;4,38;1,14;0,17;0,04;0
Gene_898;3,46;0;9,86;3,14;1,05;0,46;0
Gene_899;0,96;0,03;3,17;10,38;10,2;5,08;0,79
Gene_900;0;0;4,73;7,46;10,51;1,69;1,38
Gene_901;0,32;0;4,24;5,33;9,67;1,49;1,38
Gene_902;0,18;0;7,71;5,09;6,56;0,9;0,26
Gene_903;0,29;0;8,86;6,95;6,71;3,06;0,5
Gene_904;1,67;0,2;10,8;1;0,31;0,28;0
Gene_905;3,61;0,09;2,42;1,86;0,43;1,77;0,93
Gene_906;5,3;0,13;4,13;2,48;0,39;2,63;2,51
Gene_907;5,33;0,13;7,19;7,11;1,14;4,61;0,44
Gene_908;6,99;1,5;5,19;6,34;1,99;3,87;2,54
Gene_909;4,73;0;4,47;5,03;0,27;0,86;0
Gene_910;1,11;0,03;2,13;0,95;0,15;4,6;0
Gene_911;8,04;0,18;2,21;6,57;1,53;6,97;0,42
Gene_912;3,21;0,15;2,01;2,59;1,47;0,9;1,23
Gene_913;1,75;0,01;2,7;3,5;3,7;2,85;0,43
Gene_914;5,57;0,42;4,52;3,94;0,13;1,82;0,28
Gene_915;3,85;0,02;4,36;3,94;0,48;0,98;1,13
Gene_916;2,74;0,04;3,36;2,93;0,46;1,47;5,17
Gene_917;4,53;0;2,53;2,9;0,75;2,2;1,42
Gene_918;7,66;0,01;7,84;11,21;7,55;6,74;5,45
Gene_919;3,66;0;4,28;3,34;0,31;0,54;0,54
Gene_920;2,84;0,03;1,8;1,76;0,22;0,64;1,79
Gene_921;1,27;0;1,15;0,92;0,1;3,19;6,8
Gene_922;6,5;7,3;4,51;3,04;3,4;1,55;0,96
Gene_923;8,11;0,34;2,46;5,1;0,69;0,15;0,05
Gene_924;7,61;10,11;6,86;7,28;7,06;4,92;3,83
Gene_925;5,34;3,74;5,67;4,21;3,82;3,28;2,29
Gene_926;4,01;0,85;1,36;2,05;1,34;1,37;0,98
Gene_927;2,18;0,19;0,67;0,08;0,21;4,51;1,36
Gene_928;3,89;0,33;2,64;2,21;0,61;1,97;1,61
Gene_929;6,6;10,54;4,22;2,1;6,59;5,58;2,11
Gene_930;3,56;0,17;0,96;1,83;0,57;0,57;0,66
Gene_931;1,76;0,14;1,56;1,54;0,66;2,88;4,28
Gene_932;2,44;0,37;1,87;1,43;1,24;1,05;2,89
Gene_933;0,79;1,43;0,58;0,75;0,45;0,43;5,91
Gene_934;0,26;2,66;0,13;0;0,36;6,31;0,82
Gene_935;0,07;0,09;0,49;0,86;0,81;5,64;0,01
Gene_936;3,63;0,19;3,28;1,55;0,23;4,52;0,4
Gene_937;3,05;0,01;1,29;2,75;0,59;1,62;0,36
Gene_938;5,59;4,02;4,4;4,52;1,22;4,18;3,45
Gene_939;2,72;0,05;6,66;10,63;2,32;8,35;11,93
Gene_940;9,25;0,73;5;9,79;3,04;6,88;2,66
Gene_941;6,25;1,16;5,11;5,72;2,24;3,62;3,6
Gene_942;1,42;0,34;1,02;0,98;0,23;0,8;0,72
Gene_943;1,89;0,26;0,77;1,84;0,25;0,58;0,66
Gene_944;4,61;0,07;1,27;2,98;0,05;0,27;0,1
Gene_945;3,31;0,01;4,73;5,43;0,71;2,73;0,75
Gene_946;2,51;0,15;1,11;2,3;0,67;1,44;0,34
Gene_947;1,3;0,03;0,54;2,54;0,22;1,19;0,05
Gene_948;5,29;0,03;3,04;3,17;0,33;5,13;0,29
Gene_949;1,13;3,01;2,65;2;5,94;0,96;4,47
Gene_950;0,03;0;0,5;0,07;4,56;0,43;0,58
Gene_951;1,85;0,4;2,66;7,15;8,07;11,5;4,32
Gene_952;4,14;0,74;3,31;3,57;0,7;1,84;1,95
Gene_953;0,76;0,02;0,21;0,71;3,31;0,35;0,41
Gene_954;0,54;0,02;3,06;7,46;3,9;3,1;4,51
Gene_955;2;0;3,51;10,32;5,84;4,95;5,87
Gene_956;1,42;0,01;2,17;3,99;0,85;0,3;0,68
Gene_957;0,01;0,01;0,13;0,16;2,74;0,18;0,28
Gene_958;2,3;0,11;0,34;2,07;3,64;2,33;4,13
Gene_959;5,05;0,03;4,47;6,47;3,03;4,8;3,75
Gene_960;1,73;0,01;1,5;11,02;7,22;6,31;4,45
Gene_961;0,22;0;0,12;1,46;0,87;0,03;0,04
Gene_962;0,03;0,03;0;0,15;0,48;0,03;0,21
Gene_963;0,01;0;0;0,02;0,14;0;0
Gene_964;0,82;0,02;0,2;0;0,11;0;0,05
Gene_965;0,21;0;0,09;0,42;0,09;0,03;0
Gene_966;0;0;0;0,13;0,06;0,41;1,44
Gene_967;0,45;0;0,04;0,4;1,66;0,06;0,06
Gene_968;1,1;0,17;0,14;0,19;0;0;0,02
Gene_969;0;0;0;0;0;0,02;0,08
Gene_970;0;0;0,03;0,07;0;0,02;1,07
Gene_971;0,41;0;0,08;0,06;0,23;0;0,07
Gene_972;0;0;0;0;0,06;0,02;0,2
Gene_973;0;0;0;0;0;0;0,43
Gene_974;0,04;0;0;0;0;0;0,35
Gene_975;0;0;0,02;0;0,01;0;0,27
Gene_976;0,25;0,11;0,18;0,25;1,4;0,18;0,48
Gene_977;1,52;0;0,21;2,46;0,13;1,37;0,08
Gene_978;5,26;0,62;3,43;2,71;0,6;1,12;0,15
Gene_979;1,05;0,16;0,72;1,61;0,7;6,3;11,32
Gene_980;0,39;0,26;0,14;0,36;0,09;1,38;5,82
Gene_981;1,91;0,04;2,15;2,67;1,12;3,31;0,52
Gene_982;1,92;0,35;1,44;1,57;0,53;1,59;5,56
Gene_983;4,42;0,32;1,37;2;0,74;2,55;1,45
Gene_984;7,06;0,02;5,2;7,82;0,8;8,09;1,69
Gene_985;3,7;0,16;1,05;0,62;0,34;3,11;8,86
Gene_986;6,16;0,27;2,53;1,8;0,43;3,1;1,93
Gene_987;3,68;0,13;1,31;1,82;1,92;3,85;1,05
Gene_988;6,5;4,99;7,44;7,85;3,73;6,11;0,98
Gene_989;5,21;0,98;3,91;2,56;2,12;0,61;0,26
Gene_990;3;0,01;1,18;1,26;0,02;1,52;0,61
Gene_991;3,36;2,14;7,68;9,2;5,61;3,65;6,98
Gene_992;4,12;3,46;4,32;4,9;0,46;3,69;6,05
Gene_993;2,45;0,06;2,27;2,34;0,63;2,81;0,36
Gene_994;3,42;0,12;1,53;1,75;0,41;1,48;0,9
Gene_995;2,49;0,58;2,56;3,51;1,54;2,55;3,63
Gene_996;2,43;1,74;3,66;6,02;3,15;5,67;2
Gene_997;3,68;0,25;1,02;0,47;0,22;2,28;0
Gene_998;3,72;0,08;1,37;0,45;0,07;1,3;0
Gene_999;7,79;0,04;7,23;8,29;1,36;6,44;4,46
Gene_1000;8,08;0;5,23;8,06;5,65;10,12;7,77
Gene_1001;0,13;0,15;0,38;0,31;0,14;1,41;6,49
Gene_1002;2,79;0,15;2,06;0,95;0,11;1,71;7,3
Gene_1003;0,74;0,03;0,54;0,34;0;1,26;0,11
Gene_1004;9,07;0,25;4,78;6,54;2,77;1,91;1,07
Gene_1005;2,81;0,08;3,35;1,09;0,42;9,27;0,63
Gene_1006;5,6;0,04;2,98;3,7;0,39;1,77;0,09
Gene_1007;3,34;0,09;2,03;1,75;0,05;0,07;0,07
Gene_1008;6,21;0,05;2,89;3,34;1,35;1,1;0,6
Gene_1009;2,75;0,55;1,84;0,64;3,62;3,11;1,33
Gene_1010;4,91;2,16;3,95;4,51;1,81;3,16;5,12
Gene_1011;4,18;0,12;2,6;3,75;0,25;0,07;0
Gene_1012;0,55;0,11;0,37;0,63;2,02;0,14;0,09
Gene_1013;3,46;0,1;2,42;3,85;0,16;0,53;0,13
Gene_1014;2,42;0,18;3,43;3,63;1,42;1,74;1,62
Gene_1015;1,81;0,5;2,43;4,79;4,35;3,82;2,61
Gene_1016;7,37;0,07;8,67;9,94;1,36;4,3;9,84
Gene_1017;0,6;0,03;0,86;0,72;0,15;2,83;4,44
Gene_1018;7,32;5,94;6,33;6,49;6,64;3,88;2,41
Gene_1019;5,43;1,12;5,11;4,64;2,42;6,8;3,43
Gene_1020;2,33;0;0,5;5,13;0,43;2,14;1,25
Gene_1021;7,74;1,73;4,12;4,6;2;4,34;0,89
Gene_1022;5,38;7,72;5,06;1,33;4,31;1,3;0,07
Gene_1023;3,54;0,96;1,19;2,23;1,1;1,3;0,1
Gene_1024;0,52;1,16;1,46;0,43;0,17;5,99;0,57
Gene_1025;5,47;1,23;3,62;3,01;3,08;0,9;0,67
Gene_1026;5,12;1,29;3,71;2,29;1,37;3,19;1,37
Gene_1027;1,87;0,02;1,2;2,31;0,19;0,67;0,32
Gene_1028;0,46;4,61;0,65;0,44;0,5;2,69;4,59
Gene_1029;4,19;3,33;6,69;5,68;2,61;5,6;7,62
Gene_1030;4,9;0,57;2,77;1,32;2,73;1,81;2,39
Gene_1031;0,78;0,6;0,51;0,64;0,24;8,95;0,02
Gene_1032;1,93;5,48;1,13;0,66;0,33;3,94;0
Gene_1033;3,94;0,07;2,72;2,72;0,21;1,72;0,09
Gene_1034;3,24;0,04;1,98;2,32;0,16;1,69;0,26
Gene_1035;0,78;0,06;0,42;1,67;0,36;10,71;0,06
Gene_1036;1,64;1,29;3,8;1,2;0,34;2,54;7,66
Gene_1037;3,23;0,86;2,11;2,38;0,33;3,21;1,84
Gene_1038;2,82;0,18;0,51;2,52;0,19;1,16;0,74
Gene_1039;6,41;2,91;3,6;2,34;1,37;3;0,68
Gene_1040;0,76;0,66;1,52;1,27;0,46;1,26;0,64
Gene_1041;5,76;0,07;2,03;3,21;0,2;2,54;0,24
Gene_1042;1,19;0,06;2,01;1,38;0,03;1,71;0,34
Gene_1043;2,06;0;3,51;0,26;0,43;5,42;2,62
Gene_1044;4,35;0,05;4,61;1,96;0,09;2,4;0,25
Gene_1045;3,34;0,11;1,56;1,19;0,07;0,99;3,35
Gene_1046;2,75;1,7;3,41;2,35;1,43;1,99;4,06
Gene_1047;3,35;0,75;6,68;6,14;3,06;3,42;6,18
Gene_1048;2,8;0,05;1,75;0,61;0,04;1,06;0,01
Gene_1049;6,48;0,23;6,22;5,81;1,91;6,2;1,73
Gene_1050;6,84;2,36;7,78;6,66;4,18;5,41;4,31
Gene_1051;2,87;0,39;3,4;3,01;3,57;2,89;3,25
Gene_1052;0,28;1,45;0,3;0,17;0,41;1,13;3,73
Gene_1053;2,88;2,41;1,79;0,64;0,2;4,41;0,11
Gene_1054;3,95;3,23;3,38;5,78;2,71;3,13;1,96
Gene_1055;2,86;1,48;2,3;3,86;1,48;3,41;2,17
Gene_1056;3,02;0,05;1,2;1,86;1,75;1,23;2,48
Gene_1057;3,83;0,04;1,09;1,64;0,15;1,03;1,73
Gene_1058;1,64;0,76;0,53;0,72;1,34;2,27;0,75
Gene_1059;2,15;0,02;0,15;0,43;0,5;10,46;0,2
Gene_1060;5,6;0,44;1,67;1,09;0,21;0,86;0,51
Gene_1061;0,48;1,58;1,69;1,82;0,55;1,16;0,14
Gene_1062;2,89;0,14;1,71;3,01;0,52;1,44;0,86
Gene_1063;2,72;0,08;0,41;1,09;0,19;2,74;0,27
Gene_1064;5,69;2,87;1,79;3,07;4,47;2,38;1,89
Gene_1065;2,6;0,41;2,02;2,83;0,39;3,33;0,21
Gene_1066;0,81;0,14;0,17;0,11;0,04;0,19;0
Gene_1067;2,81;0,78;1,89;3,33;0,28;2,04;0
Gene_1068;1,22;5,49;0,96;0,52;0,78;10,99;0,76
Gene_1069;0,59;0,36;0,6;0;0;0,17;0
Gene_1070;4,1;0,59;2,82;3,25;0,45;1,18;1,75
Gene_1071;0,94;0,02;1,8;2,75;0,06;3,17;0,13
Gene_1072;7,33;0,84;6,56;6,76;1,52;3,68;5,27
Gene_1073;3,42;0;2,99;2,33;0,57;1,8;0,29
Gene_1074;5,26;1,43;5,12;5,13;2,1;3,29;2,8
Gene_1075;2,27;0,57;5,52;7,67;2,16;6,05;8,1
Gene_1076;4,64;1,29;3,36;7,46;5,36;4,31;4,48
Gene_1077;5,59;0,76;4,22;3,01;2,86;4,91;2,59
Gene_1078;4,52;0,11;1,89;4,64;4,74;2,05;1,43
Gene_1079;4,3;0,13;3,85;2,63;1,27;2,02;1,56
Gene_1080;0,29;0,14;1,43;1,96;0,26;0,78;4,89
Gene_1081;4,46;0,36;3,88;4,09;0,59;1,15;0,7
Gene_1082;7,85;1,07;3,7;2,83;3,58;1,92;2,76
Gene_1083;2,89;0,66;2,18;3,74;1,75;1,18;0,91
Gene_1084;2,34;0,1;2,07;2,05;0,44;0,55;0,02
Gene_1085;3,72;0,02;0,79;0,68;0,13;0,34;0,15
Gene_1086;2,75;0,04;0,34;1,37;1,66;3,04;0,6
Gene_1087;2,72;0,08;1,03;2,38;2,44;0,53;0,9
Gene_1088;0,89;0,15;0,74;0,19;3,29;1,03;2,72
Gene_1089;4,15;0,58;6,02;9,8;2,4;10,66;10,88
Gene_1090;1,44;0,06;4,82;5,37;0,39;2,71;3,15
Gene_1091;5,8;3,38;4,35;5,58;0,84;4,03;2,77
Gene_1092;3,9;0,16;3,24;3,5;0,21;4,77;1,09
Gene_1093;1,87;0,04;1,5;1,23;0,41;0,69;0
Gene_1094;1,8;0,38;2,36;1,16;0,52;3,16;0,6
Gene_1095;4,1;2,14;3,77;5,74;4,15;4,1;6,24
Gene_1096;3,46;0,06;2,85;2,87;0,09;1,38;4,03
Gene_1097;3,63;0,17;1,28;0,9;0,67;11,27;1,45
Gene_1098;4,13;0,2;1,5;1,56;0,13;2,98;0,54
Gene_1099;2,81;0,87;0,65;1,53;1;0,93;3
Gene_1100;3,08;0,9;2,22;3,05;0,83;2,46;1,52
Gene_1101;2,28;0;1,85;2,99;1,45;1,42;1,55
Gene_1102;0,47;0;0,15;0,07;0,06;0,06;0,17
Gene_1103;0,37;0;0,03;0,21;0,1;0,1;0,19
Gene_1104;1,19;0,02;0,56;0,44;0,26;4,63;0,58
Gene_1105;3,31;0,21;2,47;3,6;0,86;0,31;1,57
Gene_1106;4,02;1,47;4,51;5,35;3,08;4,9;3,44
Gene_1107;3,96;0,75;6,3;7,71;1,95;2,92;6,89
Gene_1108;2,4;0,08;2,96;4,45;2,36;1,84;1,15
Gene_1109;6,09;0,02;2,89;0,9;0,12;0,39;0,04
Gene_1110;2,41;0,04;1,13;2,1;0,08;1,26;0
Gene_1111;2,4;0;2,9;2,16;0,21;3,94;0,05
Gene_1112;6,54;0,1;4,76;4,83;2,79;5,58;4,07
Gene_1113;5,85;2,88;3,23;1,68;3,44;0,4;1,12
Gene_1114;4,81;0,99;2,46;1,37;2,88;1,17;0,84
Gene_1115;6,43;0,13;6,6;9,42;1,6;2,13;1,28
Gene_1116;4,85;0,03;5,36;6,2;2,45;1,37;0,71
Gene_1117;4,02;0,4;3,28;2,68;0,27;0,58;1,07
Gene_1118;4,66;0,53;2,94;4,95;1,28;0,2;0,32
Gene_1119;3,78;0,27;2,3;0,69;0,26;1,36;1,21
Gene_1120;2,02;0,05;1,12;2,47;0,76;1,56;0,05
Gene_1121;0,41;0,47;0,31;2,37;0,15;0,62;0
Gene_1122;3,53;0,24;1,78;2,19;0,38;2,56;6,08
Gene_1123;2,98;1,03;2,89;3,54;0,81;4,28;4,06
Gene_1124;2,51;2,9;2,64;3,84;0,44;1,4;0,68
Gene_1125;3,52;0,98;2,49;2,33;0,28;1,03;0,51
Gene_1126;5,13;0,48;2,12;1,41;2,02;1,99;2,13
Gene_1127;0,82;0,82;4,68;6,38;2,93;3,63;7,88
Gene_1128;2,58;0,02;3,18;3,6;3,66;8,58;4,41
Gene_1129;3,96;0,05;3,36;4,59;1,01;1,79;0,69
Gene_1130;0,36;1,33;0,62;0,48;1,47;4,31;0,26
Gene_1131;3,86;0,04;1,31;1,03;0,06;2,36;0,39
Gene_1132;5,84;4,26;1,64;4,15;0,39;3,95;8,24
Gene_1133;3,86;2,41;3,89;6,07;0,83;3,47;6,22
Gene_1134;0,06;0,41;0,34;0;0;0;0,4
Gene_1135;3,64;0,01;1,51;0,9;0,21;1,42;0,57
Gene_1136;4,95;0,16;4,05;3,78;0,11;1,67;1,34
Gene_1137;1,53;4,44;3,45;1,94;0,51;0,24;1,99
Gene_1138;2,89;0,67;1,32;2,91;0,1;0,18;0,76
Gene_1139;1,52;0,09;1,63;0,65;0,04;4,09;0,22
Gene_1140;4,96;0;3,56;3,18;0,19;3,3;0,38
Gene_1141;5,13;0,13;3,52;6,18;0,58;5,14;0,75
Gene_1142;1,12;0,02;0,61;2,21;0,28;7,54;1,15
Gene_1143;4,9;0,18;2,05;2,76;0,36;1,34;0,62
Gene_1144;3,62;1,26;2,09;2,93;1,21;3,53;3,28
Gene_1145;0,47;0,02;0,18;0,05;0,52;3,32;1,21
Gene_1146;9,23;0,38;6,25;7,88;4,16;6,22;2,13
Gene_1147;9,35;0,9;7,58;8;2,56;5,71;1,14
Gene_1148;2,1;0,35;1,69;3,45;0,22;0,39;0,79
Gene_1149;4,88;2,03;3,93;5,95;0,7;0,38;1,06
Gene_1150;5,23;0,15;4,05;1,99;0,2;1,23;0,13
Gene_1151;4,07;0,34;3,3;2,21;2,81;1,72;0,51
Gene_1152;5,31;0,85;6,11;3,74;3,26;2,24;0,49
Gene_1153;0,91;0,09;1,06;0,65;0,21;1,36;0,03
Gene_1154;3,66;0,08;2,7;0,55;0,61;2,22;0,35
Gene_1155;3,69;0,04;3,24;2,09;0,36;1,79;0,13
Gene_1156;6,75;0,07;7,32;6,02;1,24;3,29;1,35
Gene_1157;5,81;0,16;4,4;6,47;1,74;4,3;4,59
Gene_1158;4,66;0,46;2,84;1,73;0,1;0,58;0,61
Gene_1159;4,75;0,3;5,88;8,16;0,41;3,25;3,79
Gene_1160;2,52;0,2;2,39;3,66;0,29;4,16;1,49
Gene_1161;5,13;0,59;4,59;7,22;0,55;1,37;1,16
Gene_1162;1,51;0,08;0,45;1,59;0,27;1,61;0,17
Gene_1163;5,11;1,19;2,6;3,24;2,24;0,57;0,3
Gene_1164;3,1;0;4,05;7,03;0,78;1,13;0,07
Gene_1165;0,44;0,08;2,39;3,48;2,28;2,96;0,43
Gene_1166;10,21;0;8,38;9,7;3,22;7,41;4,88
Gene_1167;0,61;0;0,67;1,25;0,38;7,64;7,05
Gene_1168;7,27;0,04;6,14;7,51;0,66;4,45;1,02
Gene_1169;8,91;2,47;6,69;6,48;5,91;7,38;3,88
Gene_1170;2,14;0,41;0,75;1,15;0,44;1,83;1,59
Gene_1171;2,64;0,68;0,79;1,36;1,19;2,02;0,07
Gene_1172;0,43;0,08;0,78;0,66;4,33;1,27;0,74
Gene_1173;6,42;1,5;3,15;2,01;1,09;2,19;1,28
Gene_1174;6,33;0,23;3,01;3,69;0,82;3,65;0,64
Gene_1175;5,31;0,19;3,27;2,25;1,12;1,11;0,16
Gene_1176;6,14;3,89;3,17;3,71;5,86;4,01;2,75
Gene_1177;6,53;1,56;7,35;6,57;6,67;8,14;5,64
Gene_1178;1,23;0,08;0,61;0,91;0,45;8,52;0,73
Gene_1179;2,63;0,09;3,87;3,08;1,96;8,58;1,5
Gene_1180;4,14;0,04;3,6;4,43;0,39;0,16;0,23
Gene_1181;0,51;0,09;0,86;0,61;0,32;5,16;1,78
Gene_1182;2,9;0,45;0,87;0,49;0,25;5,68;0,38
Gene_1183;4,22;5,63;2,37;2,13;0,98;4,38;0,84
Gene_1184;4,73;2,5;3,78;3,06;2,79;1,51;1,4
Gene_1185;0,86;0,29;1,22;1,86;0,64;2,69;1,23
Gene_1186;4,73;0,24;2,82;0,99;0,25;0,38;0,38
Gene_1187;4,53;0,45;1,38;0,27;1,08;0,58;1,63
Gene_1188;5,4;4,19;5,19;4,82;3,44;5;5,03
Gene_1189;4,77;0,46;3,17;4,81;3,34;2,21;0,72
Gene_1190;3,61;1,23;3,64;3,31;1,19;2,73;3,09
Gene_1191;3,11;1,63;2,78;4,07;1,74;2,87;0,91
Gene_1192;3,08;0,05;1,12;0,84;0,13;1,35;1,29
Gene_1193;2,83;0,17;1,58;0,41;0,29;5,5;2,53
Gene_1194;6,43;1,88;2,73;1,09;0,18;4,35;1,44
Gene_1195;0,89;0,34;1,49;1,14;1,95;4,58;8,73
Gene_1196;2,19;1,69;4,18;5,62;3,57;3,4;5,39
Gene_1197;5,94;0,24;5,61;6,43;1,91;2,77;2,35
Gene_1198;3,17;1,36;3,27;1,26;0,54;1,7;0,3
Gene_1199;5,04;1,12;3,84;2,58;1,59;10,51;0,36
Gene_1200;2,16;1,89;3,81;3,56;0,84;1,54;0,27
Gene_1201;4,02;1,58;1,72;2,17;3,51;1,02;3,14
Gene_1202;5,03;0,32;2,05;4,77;1,07;1,31;0,23
Gene_1203;6,09;4,05;3,97;4,33;1,11;2,96;0,21
Gene_1204;0,15;0,03;1,65;1,02;4,11;0,71;0,94
Gene_1205;10,47;9,85;2,96;0,79;0,97;0,48;0,23
Gene_1206;6,74;0,98;0,06;0,58;0,31;0,1;0
Gene_1207;13,12;14,85;4,93;5,59;5,25;3,95;2,62
Gene_1208;3,02;0,66;2,25;4,16;5,73;0,5;1,06
Gene_1209;6,3;0,02;7,41;11,03;9,84;6,98;8,27
Gene_1210;2,3;0;0,68;1,38;1,87;4,68;1,39
Gene_1211;5,88;0;0,83;3,91;4,05;1,89;2,95
Gene_1212;4,74;0;4,37;6,92;4,2;3,82;0,8
Gene_1213;3,14;0;1,01;3,19;4,16;0,67;0,01
Gene_1214;0,6;0,24;1,51;4,43;3,26;6,35;3,4
Gene_1215;5,61;0,06;1,48;5,32;5,42;1,92;1,12
Gene_1216;0;0;0,02;0;0;0,07;0,94
Gene_1217;0;0;0,01;0,26;0,16;0,09;0,17
Gene_1218;0,01;0,01;0,03;0,38;0,02;0,01;0,02
Gene_1219;0,03;0;0,01;0,03;0,02;0;0
Gene_1220;0,01;0;0;0;0,05;0,02;0
Gene_1221;0,02;0;0;0;0;0;0,07
Gene_1222;0,02;0;0;0;0;0;0,46
Gene_1223;0;0;0;0;0;0;0,58
Gene_1224;0,06;0,01;0;0,07;0,05;0,2;0,12
Gene_1225;0;0;0,03;0,13;0;0,21;0,02
Gene_1226;0,01;0;0,03;0;0;0,11;0,18
Gene_1227;0,03;0;0,02;0;0,02;0,18;0,27
Gene_1228;0,81;0;0;0,05;0;0;0
Gene_1229;1,69;0;0,1;0;0,01;0,06;0
Gene_1230;0,69;0,01;0,21;2,1;0,9;0,03;0,12
Gene_1231;0,03;0;0;0,13;0,05;0,06;0,22
Gene_1232;0,95;0;0,07;1,8;2,05;0,86;0,09
Gene_1233;0,54;0,03;0,17;1,97;1,46;0,96;0,56
Gene_1234;1,95;0;2,29;3,45;2,01;1,2;1,86
Gene_1235;3,57;1,98;3,17;4,82;5,65;4,12;3,41
Gene_1236;3,34;0,16;3,94;8,29;4,35;6,09;0,52
Gene_1237;8,71;7,42;9,31;12,69;12,83;11,66;10,59
Gene_1238;1,9;0;1,76;6,15;0,53;2,36;0,71
Gene_1239;0,4;0;1,39;1,46;3,14;0,34;0,72
Gene_1240;2,22;0,01;0,87;2,53;3,95;0,47;0,64
Gene_1241;0,6;0,04;3,34;9,15;3,34;3,42;4,92
Gene_1242;0,97;1,45;2,37;2,69;2,92;2,34;2,19
Gene_1243;0,79;0,15;0,91;0,29;1,15;0,4;0,2
Gene_1244;4,87;0,42;0,62;3,48;0,42;1,59;0,89
Gene_1245;3,17;0;2,4;0,1;0,02;1,41;0,49
Gene_1246;5,95;0,15;2,83;1,04;0,89;1,76;0,24
Gene_1247;4,56;2;2,45;4,3;0,83;1,56;3,26
Gene_1248;5,22;1,3;4;5,08;1,18;1,62;0
Gene_1249;3,51;6,37;0,63;0,45;3,26;0,14;0,91
Gene_1250;0,64;1,92;1,19;2,99;2,85;5,05;6,5
Gene_1251;1,04;0,93;0,43;0,22;2,48;1,79;2,44
Gene_1252;1,4;0,03;0,76;2,96;2,3;2,67;0,76
Gene_1253;2,44;0,07;3,04;1,41;0,29;2,09;4,54
Gene_1254;3,48;1,31;4,09;3,79;2,3;3,17;3,43
Gene_1255;4,94;1,91;3,81;2,55;0,53;1,93;1,97
Gene_1256;2,85;1,86;2,31;2,13;0,38;2,3;2,53
Gene_1257;3,71;0,99;4,42;0,96;0,21;6,21;1,19
Gene_1258;8,59;0,06;7,19;11,89;3,17;8,66;2,97
Gene_1259;5,73;0,07;6,15;6,7;3,05;5,64;0,85
Gene_1260;1,41;0,01;1,29;0,61;0,51;1,99;0,08
Gene_1261;5,1;0,02;3,15;2,27;0,38;1,25;1,12
Gene_1262;3,8;0,1;4,95;4,85;0,47;0,46;0,13
Gene_1263;2,16;0,47;1,78;1,73;0,29;7,84;0,49
Gene_1264;6,18;1,3;3,99;4,78;1,36;1,82;1,34
Gene_1265;3,64;0,13;0,62;0,94;0,36;7,35;4,53
Gene_1266;3,64;0,23;3,14;3,16;1,21;3,34;1,3
Gene_1267;5,01;0,75;2,86;2,28;2,44;2,86;1,28
Gene_1268;2,92;0,54;2,35;2,53;0,87;1,83;3,46
Gene_1269;10,43;0,11;6,53;6,32;1,96;5,86;1,44
Gene_1270;0,6;0;0,09;0,62;0,03;0,08;0
Gene_1271;3,29;0,07;3,21;2,57;0,18;2,17;0,08
Gene_1272;3,06;0,06;4,03;3,36;2,34;3,02;0,3
Gene_1273;1,48;0,03;2,96;5,75;1,01;2,52;1,12
Gene_1274;2,02;0,12;3,17;2,97;0,51;1,38;0,32
Gene_1275;2,41;0,14;1,87;0,89;0,85;3,4;1,19
Gene_1276;8,86;4,28;7,21;8,13;2,34;6,38;5,34
Gene_1277;3,82;0,62;2,95;2,91;0,13;1,28;0,08
Gene_1278;0,54;0,02;0,61;0,15;0,07;7,17;0,02
Gene_1279;0,49;0,02;0,2;0,29;0,28;9,53;0,29
Gene_1280;0,34;0,02;0,27;0,36;0,27;9,18;0,78
Gene_1281;2,95;0,05;1,68;1,18;0,23;2,78;1,24
Gene_1282;3,96;0,1;2,24;2,1;1,42;1,14;2,54
Gene_1283;5,85;0,25;4,48;6,84;0,7;3,28;0,03
Gene_1284;2,86;0,16;2,47;3,53;0,3;1,88;0
Gene_1285;2,52;0,05;3,61;3,51;0,92;1,11;0,06
Gene_1286;1,34;0,14;1,17;0,38;0,08;0,68;6,21
Gene_1287;4,37;1,28;4,56;5,09;2,28;7,82;1,11
Gene_1288;3,24;0,73;2,72;2,74;2,89;0,98;0,3
Gene_1289;5,2;1,27;4,59;4,98;1,8;2,83;2,64
Gene_1290;3,67;2,99;2,26;4,15;0,41;4,18;0,4
Gene_1291;4,75;1,11;2,21;2,06;0,64;0,8;1,83
Gene_1292;3,13;0,06;1,55;0,37;0;0,73;0
Gene_1293;3,39;0;1,93;2,21;0,06;1,19;0,08
Gene_1294;3,89;0,17;2,14;0,54;0,06;1,56;0,33
Gene_1295;1,97;0,13;3,04;3,42;0,39;4,75;5,23
Gene_1296;3,22;0;1,12;0,46;0,13;0,12;0,18
Gene_1297;1,68;0,07;1,57;0,23;0,03;0,29;0,19
Gene_1298;3,24;0,73;2,31;2,97;1,18;9,04;0,13
Gene_1299;0,8;0,06;1,35;6,08;0,61;3,44;0,52
Gene_1300;3,2;0,03;0,04;3,34;0,1;2,49;0,87
Gene_1301;0,88;0;1,65;0,28;0,11;1,37;0,19
Gene_1302;0,15;0;0,16;0,33;0,44;10,5;3,46
Gene_1303;0,79;0,1;0,8;0,28;0,05;2,68;6,24
Gene_1304;7,99;1,03;6,24;7,24;4,18;5,24;2,56
Gene_1305;2,25;0,04;2,97;4,13;2,34;2,37;2,75
Gene_1306;5,59;0,05;2,49;1,15;0,17;4,07;0,07
Gene_1307;3,37;0,02;3,57;4,14;1,37;2,54;0,98
Gene_1308;2,87;0,06;1,89;1,61;6,67;0,6;0,96
Gene_1309;4,51;0,03;1,55;5,15;0,49;0,97;0,14
Gene_1310;0,35;0;1,02;1,11;0,07;1,17;0,23
Gene_1311;1,24;0,01;4,46;5,15;2,31;1,19;0,12
Gene_1312;0,63;0,06;1,28;1,23;1,35;2,65;6,52
Gene_1313;1,32;0,05;1,11;1,26;1,02;2,97;6,21
Gene_1314;4,38;0,02;3,06;4;0,19;2,03;0,66
Gene_1315;3,01;0,14;1,92;2,49;0,65;2,95;4,39
Gene_1316;3,65;0,01;1,44;1,02;0,05;0,93;0
Gene_1317;3,9;0;1,37;1,7;0,1;2,28;0,38
Gene_1318;4,38;0,01;3,86;5,47;0,88;2,76;1,51
Gene_1319;3,2;0;3,33;3,69;0,49;2,36;0,63
Gene_1320;7;0,08;7,07;7,92;2,07;8,33;1,37
Gene_1321;7,23;0,14;4,06;4,75;0,99;3,5;0,69
Gene_1322;3,82;0,06;2,24;2,24;0,41;0,47;0
Gene_1323;4,06;0;1,79;0,55;0,25;0,18;0
Gene_1324;3,7;0,1;1,01;4,42;5,86;1,93;1,95
Gene_1325;5,1;0,44;4,12;3,44;2,64;4,05;0,48
Gene_1326;5,23;0,84;3,58;2,86;1,54;5,39;0,77
Gene_1327;2,59;1,06;1,84;4,48;2,83;3,42;0,23
Gene_1328;3,56;0,19;2,81;5,06;2,15;0,69;0,95
Gene_1329;3,74;0,13;1,24;1,93;1,15;1,47;1,08
Gene_1330;2,65;0,19;2,76;3,21;1,4;1,7;1,36
Gene_1331;7,5;0,89;8,22;6,7;1,63;6,97;1,86
Gene_1332;2,95;0,18;3,94;3,09;0,83;5,11;4,26
Gene_1333;3;2,23;1,8;3,15;3,13;2;1,73
Gene_1334;1,9;0,1;3,07;2,99;0,09;0,9;0,05
Gene_1335;3,74;0,72;2,2;3,25;1,1;1,85;2,85
Gene_1336;2,39;0,02;1,1;1,23;0,1;2,42;0,17
Gene_1337;3,44;0,53;1,65;0,19;0,53;2,28;0,92
Gene_1338;5,44;0,37;5,83;6,05;3,68;5,65;2,82
Gene_1339;5,91;0,1;4,22;3,83;0,96;2,33;0,79
Gene_1340;4,22;0,15;1,95;1,17;0,21;0,96;6,67
Gene_1341;1,62;0,02;1,88;3,8;0,78;0,74;1,24
Gene_1342;5,59;6,89;4,47;5,65;4,83;4,8;1,88
Gene_1343;1,34;0,94;1,1;0,18;0,1;3,06;0,88
Gene_1344;0,53;0,01;0,73;0,38;0,02;0,36;0,03
Gene_1345;1,22;0;1,87;0,8;0,13;1,66;1,54
Gene_1346;0,94;0,14;1,05;0;0,05;0,23;0,03
Gene_1347;1,93;0,31;0,33;0,55;0,37;1,04;0,01
Gene_1348;5,12;3,17;3,76;4,15;1,68;1,96;2,05
Gene_1349;12,11;9,54;9,17;11,46;3,79;8,65;6,81
Gene_1350;3,49;0,3;2;1,1;1,51;2,05;0,38
Gene_1351;4,65;2,94;5,68;5,55;2,13;3,79;6,61
Gene_1352;8,93;3,82;4,54;2,93;1,82;8,78;4,61
Gene_1353;2,63;1,45;3,43;2,27;4,16;4,23;3,69
Gene_1354;5,31;1,44;2,46;1,39;2,29;2,46;0,34
Gene_1355;0,36;0,07;0,7;0,3;0,09;3,56;0,25
Gene_1356;4,77;0,06;6,12;10,57;4,39;8,04;6,92
Gene_1357;1,93;3,14;2,63;2,22;2,87;1,86;0,85
Gene_1358;5,14;0,03;2,57;0,6;1,7;1,37;0,38
Gene_1359;8,14;1,41;1,4;3,05;3,48;10,41;1,36
Gene_1360;5,47;1,79;4,31;5,81;3,7;5;0,35
Gene_1361;4,72;0,89;5,24;4,53;6,97;2,86;0,4
Gene_1362;2,54;3,67;2,78;1,03;4,17;4,48;0,22
Gene_1363;5,67;0,04;7,25;6,99;0,29;3,54;0,01
Gene_1364;2;0;1,45;1,18;0,54;0,92;2,7
Gene_1365;2,6;0;2,18;2,24;0,48;2,96;1,43
Gene_1366;1,17;0,32;0,12;0,48;0,37;0,82;0,19
Gene_1367;4,42;0,1;2,73;2,61;1,55;2,28;0,25
Gene_1368;1,04;0;0,57;0,48;0,14;0,85;0,62
Gene_1369;0,28;0;3,61;4,32;0,94;0,63;2,48
Gene_1370;3,04;0,02;1,86;2,13;1,3;12,02;0,32
Gene_1371;5,32;0,03;2,14;4,84;0,16;3,25;0,06
Gene_1372;7,84;0,13;4,72;6,14;0,22;5,75;0
Gene_1373;1,57;2,51;2,73;0,22;0,13;7,29;0,11
Gene_1374;1;0,99;0,47;4,33;0,18;4,14;2,42
Gene_1375;1,75;2,64;1,17;0,56;0,08;0,28;4,12
Gene_1376;2,92;0,27;3,03;2,66;1,57;4,62;0,35
Gene_1377;3,89;0;1,94;1,45;0,48;0,01;0,01
Gene_1378;5,83;0,09;2,14;0,81;0,66;0,34;0
Gene_1379;4,25;0,03;3,17;0;0;0,02;0,01
Gene_1380;5,72;0,66;4,87;4,15;2,78;3,47;2,93
Gene_1381;3,12;0;1,35;2,64;0,33;0,28;0,39
Gene_1382;7,78;0;5,4;4,91;2,39;3,29;1,68
Gene_1383;1,48;0,06;4,61;6,86;1,72;1,35;5,52
Gene_1384;4,94;0,33;4,84;5,84;2,25;4,51;1,57
Gene_1385;3,29;0,06;5,63;6,84;2,46;2,39;3,3
Gene_1386;5,52;0,18;5,63;7,83;1,31;2,27;0,75
Gene_1387;1,52;0,02;2,13;2,9;1,96;1,32;0,07
Gene_1388;4,43;1;3,76;4,84;0,97;2,36;0,22
Gene_1389;3,92;0,15;4,87;4,37;1,28;2,71;1,53
Gene_1390;7,2;0,27;6,66;7,35;1,06;7,12;4,68
Gene_1391;3,03;0,09;1,21;0,64;0,17;1,61;1,05
Gene_1392;1,24;0;2,46;4,3;0,62;4,39;0,26
Gene_1393;4,32;1,71;2,33;3,44;0,3;1,93;0,66
Gene_1394;0,92;5,74;1,48;1,13;0,83;0,62;1,91
Gene_1395;1,74;0,02;2,06;1,13;0,19;2,13;5,01
Gene_1396;3,45;2,75;2,46;3,55;3,47;4,41;2,62
Gene_1397;3,44;2,58;2,03;2,54;2,51;4,43;3,52
Gene_1398;0,13;0,34;0,1;0,07;0,2;0,06;0
Gene_1399;1,58;0,58;1,28;1,52;5,26;3,04;0,87
Gene_1400;3,45;0,05;1,06;3,28;1,37;1;0,23
Gene_1401;2,6;1,07;0,87;1,67;0,87;0,83;0,54
Gene_1402;2,76;1,36;3,11;3,5;1,33;2,44;6,45
Gene_1403;7,25;0,8;6,58;4,96;2,14;2,8;6,83
Gene_1404;3,88;0,04;1,57;2,32;1,2;1,21;0,52
Gene_1405;6,89;0,09;3,35;5,3;1,8;2,45;0,32
Gene_1406;2,13;0,02;1,25;0,86;0,36;3,46;0,67
Gene_1407;4,65;0,09;3,82;3,71;0,43;2,16;0
Gene_1408;10,04;1,38;7,04;9,37;4,79;6;1,45
Gene_1409;6,48;3,23;2,85;4,06;1,54;2,06;1,7
Gene_1410;2,54;0,06;0,79;0,79;0,08;0;0,21
Gene_1411;5,33;0,06;4,61;3,05;1,62;0,49;0,04
Gene_1412;3,1;0,09;2,29;1,43;1,18;0,32;0,16
Gene_1413;3,97;0,26;3,46;2,78;0,03;0,3;0,13
Gene_1414;4,69;0,98;6,01;7,04;0,2;4,68;0,06
Gene_1415;2,04;0,02;0,72;1,64;0,15;4,01;0,2
Gene_1416;3,4;0,03;1,17;0,44;0,12;1,47;1,25
Gene_1417;2,53;0,27;1,32;0,78;0,6;1,88;3,16
Gene_1418;6,92;0,62;3,9;6,67;6,22;5,44;4,58
Gene_1419;5,96;2,01;3,23;1,97;1,07;3,48;0,41
Gene_1420;1,07;0,13;0,75;1,26;0,23;6,21;0
Gene_1421;0,69;7,88;0,47;0,32;0,07;1,48;0,58
Gene_1422;2,56;1,72;3,57;4,86;1,08;2,44;2,4
Gene_1423;4,72;3,4;2,86;2,63;1,35;1,93;1,44
Gene_1424;5,94;3,54;5,07;4,71;4,25;5,4;3,99
Gene_1425;3,58;0,33;2,81;1,88;0,66;3,71;0,56
Gene_1426;2,06;0,21;0,72;0,34;0,51;3,99;6,92
Gene_1427;0,32;0,15;0,3;0,18;0,18;6,7;3,2
Gene_1428;3,81;0,61;1,99;1,78;0,94;2,47;0,53
Gene_1429;1,25;0,04;0,7;1,12;0,46;1,45;6,27
Gene_1430;1,19;0,05;0,42;1,84;0,66;0,34;8,05
Gene_1431;3,21;1,14;1,37;1,99;1,16;1,97;4,01
Gene_1432;4,73;0,28;1,87;2,24;1,01;1,32;0,66
Gene_1433;4,13;5;7,13;6,48;6,84;6,52;4,81
Gene_1434;2,19;0,1;3,5;1,92;0,12;1,92;0
Gene_1435;5,11;0,14;4,52;3,62;1,97;1,21;0,7
Gene_1436;1,56;1,46;1,85;0,95;2,95;0,7;0,67
Gene_1437;5,45;0,61;2,24;1,67;3,46;2,03;0,68
Gene_1438;0,97;0,49;2,3;0,84;2,8;11,33;0,69
Gene_1439;1,79;3,61;0,21;1,27;2,24;4,58;1,54
Gene_1440;2,32;0,24;0,9;1,18;1,16;3,37;5,93
Gene_1441;2,74;0,12;0,96;0,48;0,72;0,48;0,34
Gene_1442;3,21;0,29;0,48;2,26;1,78;1,25;0,82
Gene_1443;0,71;0,38;0,15;1,89;0,02;0,57;0,65
Gene_1444;4,13;0,26;2,71;3,25;0,78;5,02;3,9
Gene_1445;1,71;0,22;0,85;2,51;0,6;1,02;1,03
Gene_1446;7,39;1,03;4,66;7,05;1,13;5,59;0,37
Gene_1447;0,92;0,33;1,93;0,7;3,19;5,04;0,07
Gene_1448;4,09;0,38;2,07;2,32;0,69;0,84;0,87
Gene_1449;4,75;2,78;3,32;4,22;2,69;3,18;3,51
Gene_1450;0,16;0;0,03;0;0;0;0
Gene_1451;0;0;0,03;0,18;0;0;0
Gene_1452;3,81;0,02;0,73;2,57;0,28;2,42;0,58
Gene_1453;0,6;0;0,01;0;0;0;0
Gene_1454;4,73;0;0,39;2,19;0,09;0,03;0,26
Gene_1455;0;0;0;0,1;0,08;0,05;0,1
Gene_1456;0,07;0,06;2,26;4,78;1,57;0,37;0,04
Gene_1457;0,18;0;0,15;2;0,46;0,32;0,24
Gene_1458;0;0;0;0,04;0,01;0;0
Gene_1459;0,03;0;0,05;0,14;0,2;0;0,08
Gene_1460;0,15;0,08;0,95;1,74;0,57;0;0,02
Gene_1461;0;0;0;0,1;0;0;0,08
Gene_1462;0;0;0,02;0,01;0;0,05;0,96
Gene_1463;0,05;0;0,09;0,13;0,02;0,16;0,34
Gene_1464;0,23;0,01;0,56;0,91;1,24;1,79;0,39
Gene_1465;4,6;0,04;3,76;8,59;6,38;4,72;3,99
Gene_1466;9,29;0;0,51;0,03;0,14;0;0
Gene_1467;0,49;0;0,17;0,19;0,09;0,21;0
Gene_1468;0,33;0;0,03;0;0,08;0;0,05
Gene_1469;2,3;0;1,85;4,16;0,41;1,48;0,52
Gene_1470;2,74;0,05;3,61;3,29;0,2;1,61;1,37
Gene_1471;3,29;1;3,54;2,74;1,11;1,84;2,43
Gene_1472;3,61;0,19;3,23;3,09;0,76;2,5;0,46
Gene_1473;3,64;0,36;0,56;1,44;2,02;1,18;0,46
Gene_1474;2,5;0;1,13;1,13;0,82;4,18;2,95
Gene_1475;6,01;2,62;2,68;3,26;2,68;4,64;2,47
Gene_1476;0,66;0,02;3,93;2,98;2,9;0,62;0,17
Gene_1477;0,6;0;1,46;4,02;0,31;2,11;0,34
Gene_1478;0,76;0,06;1,94;0,49;0,32;0,09;5,53
Gene_1479;6,12;1,74;3,31;4,44;1,76;2,72;4,12
Gene_1480;3,52;0,06;2,27;1,55;0,26;1,73;1,89
Gene_1481;0,54;0,03;3,44;3,78;3,41;8,1;0,34
Gene_1482;5,44;0,27;3,07;1,68;0,12;0,63;0,13
Gene_1483;4,31;0,15;8,21;6,08;4,84;0,5;0,08
Gene_1484;2,56;0;1,06;3,21;1,05;3,06;0,91
Gene_1485;2,16;0,03;2,57;2,58;3,34;1,49;0,12
Gene_1486;7,39;3,1;8,07;8,07;2,32;6,07;5,34
Gene_1487;2,08;0,54;2,22;2,53;0,79;2,77;0,3
Gene_1488;0,61;0,46;2,51;1,6;3,84;3,31;0,51
Gene_1489;3,01;0,03;1,03;2,78;0,04;0,82;2,07
Gene_1490;4,06;0,01;3,15;3,24;1,84;1,42;3,6
Gene_1491;2,88;0,44;1,7;1,99;2,2;0,45;3,08
Gene_1492;4,92;3,11;2,25;1,25;0,38;2,06;3,13
Gene_1493;2,59;0,34;4,45;4,41;1,25;1,55;4,18
Gene_1494;5,69;0,66;7,11;9,21;1,43;4,09;8,83
Gene_1495;5,82;5,31;5,74;7,22;3,43;4,26;3,99
Gene_1496;5,19;0,13;2,87;1,14;0,26;1;1,28
Gene_1497;8,36;0,07;6,58;8,58;3,43;5,75;3,12
Gene_1498;7,62;0,09;4,82;8,86;0,66;5,18;0,56
Gene_1499;6,03;0,24;5,44;5,09;1,03;2,95;0,47
Gene_1500;2,9;0,14;3,74;4,78;2,39;3,29;1,24
Gene_1501;3,24;0;2,64;2,33;0,87;3,13;0,11
Gene_1502;1,04;0,01;0,84;0,27;3,64;0,33;0,4
Gene_1503;8,37;0,46;6,03;8,34;3,02;5,19;3,56
Gene_1504;7,36;0,1;5,5;5,45;2,51;4,33;2,68
Gene_1505;3,19;0;1,1;0,5;0,05;0,71;0,81
Gene_1506;0,17;0,02;0,49;0,67;0,11;2,55;7,03
Gene_1507;0,76;0,03;0,13;0;0,1;0,3;0,04
Gene_1508;0,35;0,05;0,09;0,12;0,11;0,07;0,02
Gene_1509;0,02;0;0;0;0,02;0;0,06
Gene_1510;0,18;0;0;0,1;0;0,04;0
Gene_1511;3,19;0,16;4,54;4,44;1,93;1,31;6,22
Gene_1512;0,82;0,03;3,44;0,93;6,35;1,27;0,41
Gene_1513;6,03;0,53;1,88;0,89;0,04;0,38;0,06
Gene_1514;4,07;0,02;2,71;1,87;0,64;2,72;1,18
Gene_1515;3,19;0,54;2,48;3,49;0,33;0,65;0,15
Gene_1516;3,9;0,07;2,97;2,96;1,73;2,43;0,67
Gene_1517;5,13;0,27;4,87;3,8;0,09;1,87;1,53
Gene_1518;6,45;1,12;4,77;4,27;2,93;2,44;0,18
Gene_1519;1,05;0,39;0,91;1,02;0,39;0,63;2
Gene_1520;1,43;0,51;0,24;2,3;0,86;2,25;0,47
Gene_1521;4,65;0,35;3,67;4,03;1,45;2,02;0,65
Gene_1522;4,04;0,01;3,35;1,16;0,06;0,12;5,45
Gene_1523;3,06;0,15;2,88;2,4;0,03;0,35;3,76
Gene_1524;11,72;6,03;8,3;7,96;2,44;8,69;4,87
Gene_1525;1,54;0,14;0,47;0,43;0,52;0,04;0
Gene_1526;3,3;0;3,08;2,56;0,3;0,46;0,27
Gene_1527;4,15;0,04;6,41;7,55;0,85;2,65;6,42
Gene_1528;4,77;0;2,35;1,68;1,12;2,7;1,46
Gene_1529;5,07;0,3;3,65;2,83;1,71;0,84;0,12
Gene_1530;3,76;0,02;4,66;4,17;0,44;3,11;2,54
Gene_1531;1,58;0,06;2,87;1,98;0,24;4,24;0,48
Gene_1532;3,68;0,15;1,87;4,39;0,49;2,26;2,75
Gene_1533;4,13;1,01;2,65;0,71;0,04;2,12;1,6
Gene_1534;3,7;0,67;1,91;0,17;0,03;1,81;0
Gene_1535;4,72;6,14;5,96;7,23;3,54;5,41;3,93
Gene_1536;3,35;0,01;2,3;0,46;0,21;1,13;8,97
Gene_1537;2,83;0,25;1,7;1,71;0,07;0,06;1,58
Gene_1538;6,37;0,3;6,37;6,73;2,21;5,64;1,19
Gene_1539;3,79;0,05;1,87;1,22;0,06;0,92;0,38
Gene_1540;0,08;0,02;1,26;1,65;0,36;8,11;0,11
Gene_1541;4,08;0,24;3;2,61;0,1;0,37;0
Gene_1542;4,19;0,32;2,51;2,56;0,15;0,42;0,4
Gene_1543;4,32;0,18;3,02;3,66;1,11;3,58;3,03
Gene_1544;8,57;1,4;5,99;8,49;3,03;5,01;2,29
Gene_1545;4,12;2,66;3,59;4,54;2,32;1,61;5,66
Gene_1546;0,45;0;1,1;1,69;0,82;1,36;0,63
Gene_1547;7,92;2,46;7,56;7,18;5,92;5,42;6,86
Gene_1548;2,9;0,3;4,89;6,11;2,51;3,4;0,59
Gene_1549;1,63;4,45;0,53;1,05;0,02;0,12;0
Gene_1550;5,41;1,14;4,14;6,77;1,22;3,08;1,2
Gene_1551;3,96;0,21;1,38;1,76;2,28;3,18;0,77
Gene_1552;1,42;0,07;0,19;0,31;1,27;0,32;0,84
Gene_1553;3,29;0,07;0,44;0,73;1,97;0,71;1,5
Gene_1554;2,98;0,09;2,12;3,08;1,22;1,08;0,1
Gene_1555;3,31;0,2;2,61;1,92;0,7;2,31;2,99
Gene_1556;3,24;1,28;1,21;0,83;1,74;1,74;0,87
Gene_1557;3,18;0,81;1,82;0,82;0,06;0,83;0
Gene_1558;5,38;1,51;4,72;5,28;0,55;3,29;3,21
Gene_1559;5,48;0,57;2,85;2,18;0,18;1,34;6,15
Gene_1560;4,09;0,04;3,05;4,54;1,12;0,44;0,68
Gene_1561;2,7;0,05;3,15;2,38;0,42;1,54;0,5
Gene_1562;6,56;0,1;5,21;4,7;0,22;0,32;0,09
Gene_1563;2,99;0,26;4,03;5,52;3,62;1,7;0,34
Gene_1564;1,6;0,01;3,47;0,84;0,39;0,3;1,24
Gene_1565;3,21;0,99;3,51;5,49;2,88;2,75;0,53
Gene_1566;4,44;0,07;2,9;4,1;0,63;2,83;2,54
Gene_1567;2,83;0,03;1,32;2,16;0,15;0,76;0,4
Gene_1568;3,38;0,06;2,01;3,29;1,25;2,56;0,15
Gene_1569;3,98;0,19;1,95;0,94;0,45;2,39;0,18
Gene_1570;2,71;0,18;0,72;0,54;0,54;1,44;0,07
Gene_1571;3,8;0,08;2,12;1,5;0,25;2,45;0,94
Gene_1572;1,31;0,13;0,68;0,38;0,17;2,75;1,61
Gene_1573;1,53;0;0,53;0,36;0,14;2,13;0,63
Gene_1574;7,54;0,19;3,81;3,72;1,31;4,76;1,74
Gene_1575;7,46;0,28;4,93;6,67;1,19;2,78;2,47
Gene_1576;0,2;0,03;1,5;0,81;0,38;10,14;0,04
Gene_1577;0,74;0,63;1,21;5,06;1,08;2,18;3,45
Gene_1578;1,46;0,86;1,23;0,86;1,6;2,52;3,02
Gene_1579;7,73;0,11;5,47;5,28;0,58;1,88;0,03
Gene_1580;4,34;0,13;2,23;1,9;0,48;1,6;0,24
Gene_1581;0,88;0;0,78;1,03;0,29;0,71;0,46
Gene_1582;3,88;0,23;5,46;6,73;2,57;2,4;4,75
Gene_1583;6,39;2,19;7,38;5,29;4,21;2,55;5,3
Gene_1584;1,69;0;0,62;0,49;0,05;2,59;0
Gene_1585;1,89;0,08;3,06;1,01;0,31;0,62;0,69
Gene_1586;4,29;0,47;1,93;1,53;2,19;1,64;1,76
Gene_1587;0,08;0,01;0,48;0,2;0,05;2,5;5,82
Gene_1588;4,54;0,12;2,63;1,57;0,72;1,15;0
Gene_1589;1,04;1;3,44;5,11;0,28;1,22;3,49
Gene_1590;1,09;0,79;2,51;3,64;0,95;0,98;1,33
Gene_1591;1,09;0,17;2,05;0,13;4,92;4,34;1,09
Gene_1592;2,2;1,79;4,28;4,16;0,32;2,12;0,37
Gene_1593;2,65;0;2,1;1,89;0,26;0,23;0,15
Gene_1594;3,16;0;1,37;0,6;0;0,65;0,41
Gene_1595;0,28;0,03;0,65;1,2;0,4;8,78;3,78
Gene_1596;3,61;0,08;3,97;6,17;0,88;1,82;1,8
Gene_1597;5,7;0,19;3,45;3,53;0,11;5,52;1,84
Gene_1598;3,33;0,08;2,34;1,93;0,26;9,29;0,68
Gene_1599;6,51;6,4;4,67;7,37;5,9;4,82;3,24
Gene_1600;3,13;3,06;3,76;6,26;1,29;2,28;0,47
Gene_1601;3,87;0,08;2,06;1,71;0,13;1,3;0,24
Gene_1602;0,79;0,2;0,79;1,91;1,28;6,9;0,91
Gene_1603;2,45;0,52;2,65;4,61;1,56;2,94;1,27
Gene_1604;6,52;0,72;4,75;3,84;1,28;2,1;2,22
Gene_1605;0,98;0,06;0,54;0,33;0,1;0,46;4,32
Gene_1606;2,27;0,1;2,41;2,15;0,33;0,5;0,15
Gene_1607;4,92;0,11;1,1;1,19;0,39;0,8;0,13
Gene_1608;5,35;0;2,61;4,78;0,44;1,53;0,67
Gene_1609;6,13;0,14;3,02;3,44;2,97;2,63;0,61
Gene_1610;2,63;0,03;0,6;0,9;0,13;1,39;1
Gene_1611;6,5;0,1;4,12;6,84;0,27;4,32;0,9
Gene_1612;4,54;0,02;1,66;1,03;0,08;0,46;0,18
Gene_1613;6,21;0,03;3,77;3,23;2,87;1,79;0,06
Gene_1614;2,63;0,01;1,41;2,46;0,89;6,36;0,19
Gene_1615;2,17;0,08;1,49;1,77;0,11;0,5;0,57
Gene_1616;3,42;0,1;3,02;2,97;0,52;0,44;0,09
Gene_1617;2,28;1,39;1,64;1,73;3,46;1,21;0,65
Gene_1618;4,14;0,22;2,02;2,64;0,33;1,11;0,57
Gene_1619;3,09;0,53;2,38;1,75;0,73;0,93;1,49
Gene_1620;1,32;2,46;0,43;0,4;3,08;5,73;1,41
Gene_1621;2,52;0;3,71;6,64;1,72;3,48;1,06
Gene_1622;5,13;0,02;2,01;1,78;0,56;2,15;0,64
Gene_1623;1,34;0,04;1,17;0,94;4,13;10,19;2,09
Gene_1624;1,28;0,49;1,23;0,6;1,12;2,19;5,23
Gene_1625;4,92;0,77;2,29;2,13;2,58;1,77;1,69
Gene_1626;3,74;2,16;1,32;2,39;2,49;6,99;0,1
Gene_1627;1,18;1,01;3,03;2,32;0,91;4,11;0,97
Gene_1628;4,1;1,61;2,68;3;1,08;5,26;2,57
Gene_1629;2,9;0,09;2,03;4,34;1,35;3,36;1,04
Gene_1630;6,51;0,04;5,18;7,54;0,52;3,67;4,11
Gene_1631;1,42;1,98;0,91;1,18;0,06;2,08;5,27
Gene_1632;4,58;0,43;1,85;1,97;0,11;6,55;2,38
Gene_1633;4,95;0,56;4,57;2,91;1,11;3,58;0,97
Gene_1634;2,18;0;0,41;0,45;0,25;0,67;0,77
Gene_1635;2,44;0,05;2,36;1,41;1,22;1,07;0,22
Gene_1636;3,52;0,03;5,13;4,37;2,69;5,1;0,09
Gene_1637;2,63;0,9;1,54;0,78;1,58;7,86;0,17
Gene_1638;4,25;0,06;4,43;4,97;0,88;2,94;2,85
Gene_1639;0,55;0,13;2,02;1,86;3,08;4,46;5,96
Gene_1640;3,69;0,43;2,4;2,99;2,32;4,36;0,64
Gene_1641;5,5;0,36;2,69;1,89;0,47;1,74;0,86
Gene_1642;1,9;0,96;2,81;1,28;2,79;3;0,13
Gene_1643;5,84;3,32;4,06;3,81;4,36;2,11;3,72
Gene_1644;3,44;0,05;2,76;2,39;0,06;0,24;0,12
Gene_1645;3,51;0;1,46;0,15;0,51;0,09;0,04
Gene_1646;1,86;1,8;1,12;3,85;3,9;3,89;0,63
Gene_1647;3,81;0,51;2,04;4,12;0,29;1,27;0,16
Gene_1648;5,2;0,11;5,44;5,93;6,28;0,74;0,93
Gene_1649;1,67;0,47;4,07;5,17;0,72;3,42;5,76
Gene_1650;1,94;0,75;2;0,98;0,66;1,3;1,74
Gene_1651;1;0,08;2,47;0,11;1,14;2,07;2,54
Gene_1652;0,28;0;0,85;0,4;2,03;0,74;0
Gene_1653;0,34;0,19;1,63;0,4;1,03;1,44;0,19
Gene_1654;1,09;0,71;4,33;4,81;1,69;1,64;4,28
Gene_1655;3,6;0;2,15;1,77;0,49;0,18;0,02
Gene_1656;2,23;0;0,48;1,67;0,5;0,17;0,06
Gene_1657;1,37;0;0,96;1,3;0,28;1,27;0,11
Gene_1658;8,17;0,07;8,02;12,57;3,63;8,26;2,73
Gene_1659;0,68;0,13;3,54;7,12;7,14;10,42;3,26
Gene_1660;5,06;0,37;3,43;2,23;1,93;2,7;0,34
Gene_1661;4,91;1,02;4,61;6,25;5,09;4,7;0,81
Gene_1662;6,51;0,14;3,09;2,82;1,82;1,71;1,63
Gene_1663;1,66;2,19;1,31;0,6;0,11;3,37;2,56
Gene_1664;5,93;1,89;4,3;7,2;3,79;4,45;0,58
Gene_1665;1,61;1,28;3,37;3,66;0,53;1,75;0,39
Gene_1666;0,92;0,04;3,3;0,94;3,51;2,75;0,59
Gene_1667;3,43;0;1,01;1,92;0,76;2,46;0,09
Gene_1668;2,51;1,33;1,95;1,98;1,68;3,79;1,92
Gene_1669;7,7;0,96;6,4;7,81;3,89;3,47;8,35
Gene_1670;6,07;0,83;3,35;7,24;1,85;2,53;0,67
Gene_1671;0,36;0;1,72;1,42;2,81;4,14;0,74
Gene_1672;2,92;3,92;3,11;0,43;0,41;0,61;0,11
Gene_1673;1,05;0,24;1,66;4,68;0,32;0,68;2,89
Gene_1674;1,06;4,09;0,91;0,09;0,06;0,19;0,1
Gene_1675;1,87;0,07;0,35;0,12;0,3;0,04;0,42
Gene_1676;3,75;1,58;0,86;0,43;0,25;0,15;0,06
Gene_1677;1,58;2,09;2,58;4,28;2,2;2,73;4,25
Gene_1678;5,12;1,03;5,44;4,33;3,01;3,28;1,52
Gene_1679;4,17;1,63;1,09;0,46;0,18;0;0
Gene_1680;4,8;0,03;0,66;0,61;0,1;1,07;0
Gene_1681;4,47;0,01;3,78;4,45;0,52;4,22;0,12
Gene_1682;3,76;0;2,21;1,02;0,31;9,19;0,08
Gene_1683;2,36;0,06;1,25;1,52;0,07;1,66;2,27
Gene_1684;1,17;0,56;2,27;0,62;0,26;9,36;0,85
Gene_1685;4,34;1,07;3,75;4,43;0,45;2,06;1,12
Gene_1686;2,1;1,14;1,91;3,36;1,21;2,39;1,03
Gene_1687;5,08;0;2,51;1,26;0,17;2,31;0,09
Gene_1688;3,84;0,47;1,87;1,94;0,09;2,47;0,26
Gene_1689;7,52;1,93;6,22;2,97;0,25;4,98;0,22
Gene_1690;2,42;0,23;2,66;2,18;1,25;1,92;1,08
Gene_1691;4,79;0,74;2,98;3,48;2,91;3,87;3,43
Gene_1692;2,42;0,09;1,3;1,8;0,5;1,53;0,47
Gene_1693;2,06;0;1,26;2,54;1,08;0,28;0,12
Gene_1694;1,16;0,07;1,72;2,51;2,1;0,28;0,23
Gene_1695;4,21;1,64;3,04;3,39;0,63;2,23;3,24
Gene_1696;4,76;0,73;4,01;4,55;0,79;2,34;1,23
Gene_1697;3,16;0,02;1,3;1,13;1,16;1,56;0,17
Gene_1698;3,93;0,11;2,38;1,62;1,15;2,48;1,02
Gene_1699;1,76;0,22;1,45;0,46;0,18;1;6,62
Gene_1700;4,59;2,8;5,24;5,5;0,63;2,74;5,41
Gene_1701;4,77;1,68;1,49;0,66;4,8;8,08;0,74
Gene_1702;2,25;0,94;1,09;0,88;0,33;9,63;0,01
Gene_1703;3,1;2,09;2,25;1,6;0,2;4,36;0,35
Gene_1704;7,65;0,22;5,35;6,57;1,34;5,52;5,78
Gene_1705;5,04;0,83;1,34;2,04;2,15;3,94;0,7
Gene_1706;3,57;0,04;1,8;2,04;0,28;2,38;2,49
Gene_1707;4,17;1,7;3,7;2,88;2,4;2,35;3,82
Gene_1708;2,14;0,02;5,35;1,62;0,07;0,34;0
Gene_1709;4,27;0,07;2,17;1,95;0,16;0,42;0
Gene_1710;1,81;0,01;0,83;0,22;0,24;1,61;0,06
Gene_1711;3,2;0,02;1,46;0,37;0,21;1,42;0
Gene_1712;1,97;0,06;0,63;0,09;0,12;3,94;0,08
Gene_1713;5,95;4,5;4,11;4,79;0,57;4,04;5,18
Gene_1714;0,18;0,03;2,96;2,25;1,41;6,67;5,9
Gene_1715;1,89;0,25;1,55;1,13;0,31;0,95;0,19
Gene_1716;0,83;0,09;1,5;1,08;0,12;0,25;3,49
Gene_1717;4,76;0,02;3,02;4,46;0,7;2,23;5,06
Gene_1718;6,85;0,58;3,69;4,97;3,29;3,66;2,65
Gene_1719;4,09;0,89;1,96;2,27;2,59;3,16;0,84
Gene_1720;5,05;0,06;2,48;0,99;0,18;0,43;1,47
Gene_1721;4,58;0,19;1,24;0,65;0,28;1,98;0,45
Gene_1722;1,81;0,12;0,54;0,61;0,46;2,6;0,11
Gene_1723;5,08;1,78;2,17;3,16;2,2;2,81;0,56
Gene_1724;0,77;0,5;2,39;2,24;1,75;4,09;3,1
Gene_1725;3,03;0,13;2,39;1,87;0,68;8,6;1,76
Gene_1726;4,16;0,77;2,68;2,61;0,63;1,65;1,36
Gene_1727;0,11;0,32;4,09;3,67;0,67;7,79;4,42
Gene_1728;0,66;0,63;4,29;2,25;0,5;1,2;6,92
Gene_1729;1,16;5,13;3,31;0,58;0,22;7,89;0,06
Gene_1730;4,69;0,69;5,01;4,1;1,16;0,63;0,22
Gene_1731;3,94;0,46;2,11;3,75;0,53;0,07;0
Gene_1732;2,18;0,1;3,18;3,2;0,35;2,46;3,56
Gene_1733;1,75;0;1,09;1,18;0,21;1,77;0,44
Gene_1734;6,24;0,96;6,28;5,24;1,3;6,86;5,28
Gene_1735;8,37;2,74;5,4;9,08;2,83;3,02;0,69
Gene_1736;1,93;0,33;1,42;1,02;0,7;1,83;3,06
Gene_1737;3,66;0,23;1,22;9,07;4,24;3,02;5,15
Gene_1738;3,72;1,86;3,15;1,23;0,64;3,13;4,39
Gene_1739;4,92;1,04;5,37;5,43;3,39;4,31;4,06
Gene_1740;3,58;0,96;2,34;3,47;3,93;1,58;0,96
Gene_1741;2,92;0,74;5,61;1,56;1,94;4,5;7,29
Gene_1742;2,69;0,12;5,63;8,56;1,42;1,13;0,34
Gene_1743;3,14;0,03;2,7;2,06;0,29;1,29;3,83
Gene_1744;0,87;0,09;1,14;0,33;0,32;8;0,24
Gene_1745;2,84;0;2,58;7,18;3,38;0,9;1,32
Gene_1746;2,35;0,01;4,57;4,58;0,93;3,4;5,78
Gene_1747;2,53;0,02;3,07;3,36;0,37;1,64;0,51
Gene_1748;2,14;0;4,4;3,88;0,98;2,68;0,64
Gene_1749;4,23;0,02;3,34;5,3;0,22;2,34;1,32
Gene_1750;3,05;0,08;2,55;0,75;0,66;6,38;3,56
Gene_1751;2,31;0,16;2,76;1,96;2,1;4,94;1,64
Gene_1752;1,55;0,67;1,66;2,28;0,68;3,82;5,7
Gene_1753;0,69;0,05;3,39;1,55;0,56;1,95;4,54
Gene_1754;2,07;1,39;3,01;3,65;2,16;3,33;0,51
Gene_1755;3,02;0,09;3,33;1,44;0,56;4,81;0,15
Gene_1756;4,2;0;5,33;4,46;2,07;4,36;0,18
Gene_1757;5,28;0,26;4,53;4,92;1,95;3,15;0,4
Gene_1758;0,85;0,07;1,61;4,98;3,67;6,54;0,47
Gene_1759;1,81;0,05;3,58;0,22;0,15;0,22;7,5
Gene_1760;1,94;0,26;0,61;0,5;0,83;1,1;1,84
Gene_1761;6,29;1,94;3,58;2,64;1,99;1,71;2,2
Gene_1762;1,7;0,23;2,15;4,39;2,26;0,4;0,64
Gene_1763;3,37;0,7;1,9;2,92;2,4;0,79;1,13
Gene_1764;1,44;0,06;0,19;2,61;0,17;1,73;1,24
Gene_1765;5,89;0,01;2,43;1,54;1,5;0,96;0,8
Gene_1766;1,07;0,01;0,74;0,08;0,07;1,17;1,94
Gene_1767;4,03;0;0,98;0,19;0,08;1,41;2,96
Gene_1768;5,48;1,24;4,82;4,41;0,89;3,38;2,99
Gene_1769;2,12;0;1,03;2,16;0,25;2,79;2,45
Gene_1770;4,22;0,03;1,25;5,01;0,77;1,97;2,34
Gene_1771;2,73;0;2,03;1,5;0,87;1,69;1,59
Gene_1772;3,18;0,44;7,37;11,5;2,25;4,74;4,82
Gene_1773;0,37;0,74;1,91;3,52;0,51;2,57;5,22
Gene_1774;2,27;0,03;1,38;0,47;0,67;10,9;3,72
Gene_1775;2,72;0,09;1,87;3,79;0,46;1,63;0,61
Gene_1776;0,91;0,06;0,47;2,64;0,11;0,46;0,24
Gene_1777;2,67;0,1;3,24;4,76;1,29;2,2;0,69
Gene_1778;1,43;0,02;0,47;0,45;0,04;5,32;0,03
Gene_1779;6,33;0,13;1,71;4,42;0,33;1,55;0,57
Gene_1780;0,72;0,69;1,32;0,24;1,6;2,35;6,91
Gene_1781;3,55;0,31;8,72;9,8;11,44;2,5;2,12
Gene_1782;4,32;2,69;3,31;2,04;0,62;3,47;4,52
Gene_1783;2,38;1,7;3,36;2,78;3,54;3,89;5,86
Gene_1784;4,03;1,67;3,13;3,26;0,84;1,6;0,32
Gene_1785;3,39;0,38;1,28;2,45;0,29;2,19;0,1
Gene_1786;3,36;0,26;2,43;2,02;0,39;3,27;2,3
Gene_1787;0;0,04;0,09;0,06;0,02;3,97;1,05
Gene_1788;2,33;1,58;1,17;0,84;0,13;1,82;1,48
Gene_1789;1,53;1,17;2,82;2,47;1,34;2,63;3,24
Gene_1790;4,42;1,84;1,1;0,96;1,21;0,86;0,6
Gene_1791;1,16;0,01;0,45;1,45;0,14;2,06;0,04
Gene_1792;1,84;3,44;1,71;3,22;0,66;0,08;0,05
Gene_1793;3,86;0;4,51;5,1;0,49;0,56;0,06
Gene_1794;1,72;0,04;0,18;0,53;1,37;1,18;0,62
Gene_1795;5,09;0,04;0,5;2,09;1,17;3,09;5,36
Gene_1796;3,51;0;3,28;2,84;0,24;1,84;4,76
Gene_1797;2,59;0;1,38;4,6;0,17;1,63;0,22
Gene_1798;0,39;0,13;0,96;0,69;0,51;0,47;4,36
Gene_1799;1,41;0,35;2,55;2,14;5,84;0,76;0,8
Gene_1800;4,34;0,63;5,4;6,58;5,99;1,66;0,83
Gene_1801;4,97;4,09;6,83;10,56;3,9;5,9;2,29
Gene_1802;5,22;0,14;5,06;1,72;0,2;4,15;0,17
Gene_1803;3,78;0,34;4,99;2,57;0,42;1,52;0,88
Gene_1804;2,14;0,56;4,73;3,98;0,95;3,55;1,18
Gene_1805;5,54;2,59;4,49;5,28;1,11;1,47;1,23
Gene_1806;4,43;2,61;2,94;1,96;0,78;1,37;0,29
Gene_1807;2,9;0,66;1,47;3,56;1,54;0,99;1,36
Gene_1808;0,41;0,02;1,07;0,99;0,4;0,45;3,42
Gene_1809;2,86;0,1;2,4;3,43;2,89;2,56;2,14
Gene_1810;2,89;0,01;3,53;1,92;0,46;2,89;4,58
Gene_1811;2,01;0,02;3,23;3,85;1,3;3,26;1,2
Gene_1812;1,82;0,14;2,03;2,4;0,3;2,95;1,64
Gene_1813;4,36;0,41;1,65;0,94;0,91;2,93;0,54
Gene_1814;5,74;0,81;6,59;6,78;1,6;2,93;7,14
Gene_1815;5,57;0,82;4,77;6;1,69;5,89;0,67
Gene_1816;2,45;1,07;2,86;2,11;0;2,36;2,92
Gene_1817;2,09;0,43;1,74;2,07;0,63;2,43;4,79
Gene_1818;4,83;0,37;4,43;5,59;1,56;3,29;1,44
Gene_1819;3,2;1,92;1,83;1,39;0,79;2,2;1,56
Gene_1820;4,99;1,45;3,96;3,35;1,42;3,47;1,97
Gene_1821;3,72;0,18;4,09;2,09;0,37;2,89;0,12
Gene_1822;3,17;0,14;4,05;4,35;0,56;1,79;0,18
Gene_1823;7,14;0,07;6,05;6,99;0,9;3,46;0,01
Gene_1824;5,55;0,71;3,9;4,72;2,37;3,82;3,94
Gene_1825;3,81;1,11;1,07;1,21;3,53;5,95;0,84
Gene_1826;6,45;1,26;4,34;4,16;3,18;6,99;2,97
Gene_1827;0,21;0,06;1,2;2,6;3,44;0,39;3,45
Gene_1828;1,39;1,18;0,92;1,21;1,14;0,52;0,37
Gene_1829;4,36;0,33;1,89;4,71;1,02;1,14;0,21
Gene_1830;4,77;0,3;1,85;5,13;1,07;1,14;0,13
Gene_1831;3,88;0,16;2,23;2,7;1,1;1,73;0,21
Gene_1832;3,9;0,06;3,95;4,72;1,58;0,71;0,36
Gene_1833;0,21;0;0,11;1,18;3,46;0,26;0,32
Gene_1834;2,48;0,19;3,56;8,05;2,28;2,54;4,23
Gene_1835;0,77;0;0,1;1,08;0,06;0,07;0,65
Gene_1836;0,75;0;0,07;1,21;0,49;0,88;0,06
Gene_1837;0,13;0;0,37;0,64;0,61;0,04;0,14
Gene_1838;0,65;0,01;0,03;1,31;3,66;0,14;0,55
Gene_1839;2,23;0;2,03;6,57;0,55;0,52;0,43
Gene_1840;1,3;0;0,55;3;1,26;3,16;0,94
Gene_1841;0;0;0;0;0;0;0
Gene_1842;0;0;0;0;0,04;0,05;1,18
Gene_1843;0,07;0;0,01;0;0;0;0
Gene_1844;1,4;0;0,06;0;0,03;0,01;0
Gene_1845;0;0;0;0;0,02;0,11;0
Gene_1846;0,07;0;0,06;0,3;0,12;0;0
Gene_1847;0,02;0;0,04;0,39;0,11;0,16;0,06
Gene_1848;0,01;0;0,04;0,37;0,04;0,02;0
Gene_1849;0;0;0;0,07;0,01;0;0,03
Gene_1850;0,01;0;0;0,03;0;0;0
Gene_1851;0;0;0;0;0;0;0
Gene_1852;0;0;0;0;0;0,01;0,11
Gene_1853;0,01;0;0,03;0;0;0,03;0
Gene_1854;0,03;0,02;0;0;0,03;0,12;0
Gene_1855;0;0;0;0;0;0,03;0,22
Gene_1856;0;0;0;0;0;0;0,02
Gene_1857;0,11;0;0,03;0,1;0,19;0,06;0,07
Gene_1858;0;0;0;0;0;0;0,03
Gene_1859;2,02;0,12;1,2;1,5;3,91;0,3;1,46
Gene_1860;1,62;0,06;0,78;1,39;2,89;5,15;4,25
Gene_1861;3,39;3,2;4,59;5,56;0,67;1,08;0,15
Gene_1862;4;0,22;2,28;3,61;1,13;2,66;1,2
Gene_1863;1,19;6,49;5,51;0,9;0,32;2,27;5,34
Gene_1864;6,63;0,56;5,64;6,55;0,39;3,94;1,62
Gene_1865;2,53;0,18;1,42;1,85;0,12;0,7;0,17
Gene_1866;2,16;0,14;1,16;1,32;0,29;1,16;0,01
Gene_1867;5,23;0,53;4,96;6,12;2,81;6,34;0,45
Gene_1868;4,16;0,51;5,59;4,07;2,22;1,68;0,12
Gene_1869;2,22;0,29;3,32;3,43;4,23;10,5;0,32
Gene_1870;0,06;0,19;0,77;0,32;1,11;0,9;4,45
Gene_1871;2,44;8,81;4,46;1,12;0,12;1,83;0,05
Gene_1872;0,86;0,22;3,84;4,11;1,02;3,14;3,12
Gene_1873;0,6;0,02;0,39;0,18;0,05;6,47;1
Gene_1874;0,59;0,2;0,45;1,1;0,33;1,42;6,85
Gene_1875;5,15;2,74;2,99;5,12;1,96;5,24;1,67
Gene_1876;0,05;0;0,1;0,31;0,06;0,08;3,48
Gene_1877;3,95;0,87;1,66;0,42;0,12;0,75;0,4
Gene_1878;3,63;0,06;0,08;0,27;0,75;0,46;0
Gene_1879;2,68;0,14;3,83;5,74;3,28;10,63;2,69
Gene_1880;4,14;0,35;2,39;1,75;1,27;2,56;2,02
Gene_1881;1,18;1,22;1,66;0,58;0,14;0,9;5,06
Gene_1882;3,82;1,83;1,49;1,05;0,19;1,77;0,31
Gene_1883;1,98;0,16;1,53;2,09;0,17;1,59;2,01
Gene_1884;6,13;0,37;2,82;3,28;3,71;1,75;1,75
Gene_1885;2,13;0,15;1,54;2,03;0,74;0,45;0,78
Gene_1886;4,91;0,12;4,17;6,58;0,81;3,98;2,25
Gene_1887;5,38;0,05;5,27;5,13;4,23;4,05;1,98
Gene_1888;2,9;0,09;2,87;1,77;3,59;8,66;2,64
Gene_1889;1,41;0,12;1;3,66;2,2;0,92;0,49
Gene_1890;1,8;2,45;2,09;1,8;2,75;5,07;0,54
Gene_1891;6,67;1,58;5,12;7,57;6,45;4,08;0,66
Gene_1892;1,47;0,15;1,75;0,31;0,26;6,75;0,01
Gene_1893;3,96;0,29;2,73;1,61;0,16;5;0,36
Gene_1894;4,35;1,06;1,87;2,48;0,4;1,98;0,97
Gene_1895;6,15;0,86;5,55;4,82;0,2;2,68;3,05
Gene_1896;2,29;0,13;1,31;0,54;0,09;2,84;5,68
Gene_1897;9,1;2,07;6,58;7,53;1,88;6;2,48
Gene_1898;1,37;0,01;0,52;0,97;0,11;0,92;5,2
Gene_1899;5,9;0,03;3,75;3,04;0,1;2,68;1,41
Gene_1900;9,04;0,68;7,72;7,77;2,9;5,74;1,92
Gene_1901;1,07;0,01;2,79;1,36;0,38;0,99;0,07
Gene_1902;3,19;0,12;3,73;2,84;4,29;1,51;3,51
Gene_1903;1,16;0,11;0,83;0,09;1,05;3,71;3,22
Gene_1904;0,99;0,09;0,13;0,14;0,04;1,21;3,52
Gene_1905;1,02;0,93;0,33;0;1,46;0,78;3,1
Gene_1906;5,93;0,75;0,54;2,04;1,67;8,4;0,89
Gene_1907;4,25;0,08;0,96;0,62;0,29;1,68;0,12
Gene_1908;4,84;0,06;3,9;6,65;1,13;2,48;1,3
Gene_1909;3,49;3,34;2,28;0,72;3,29;9,56;1,08
Gene_1910;0,87;0;0,73;0,47;0,07;1,36;0
Gene_1911;0,28;1,58;0,28;0,04;1,14;0,71;0,03
Gene_1912;5,6;0,12;3,71;5,25;0,56;2,92;1,09
Gene_1913;4,25;0;1,75;2,47;0,19;0,69;0,61
Gene_1914;7,31;0,19;4,43;6,83;3,46;4,79;1,51
Gene_1915;8,12;0,28;5,6;7,04;2,55;3,59;0,5
Gene_1916;4,72;0,28;1,93;1,81;1,47;3,19;1,01
Gene_1917;4,18;4,01;4,72;4,67;2,3;3,73;4,9
Gene_1918;3,39;0,19;0,69;0,32;0,03;1,53;0,2
Gene_1919;6,29;4,55;6,2;6,56;1,47;4,66;6,63
Gene_1920;1,72;0,09;0,17;0,09;0,06;2,19;0,11
Gene_1921;1,37;0;0,21;0,23;0,56;9,62;0,11
Gene_1922;1,67;1,82;4,92;4,77;2,16;2,85;2,24
Gene_1923;1,93;0,05;2,63;4,23;0,74;1,75;0,72
Gene_1924;0,58;0;1,37;0,79;0,17;1,84;1,27
Gene_1925;0,24;0;0,37;0,22;0,32;2,93;4,8
Gene_1926;0,47;0,02;0,7;1,97;0,17;1,23;1,07
Gene_1927;1;0,01;3,47;4,23;0,54;3,34;1,76
Gene_1928;5,87;0,95;6,27;6,67;1,04;4,99;0,25
Gene_1929;0,64;0,16;0,56;0,8;0,53;9,94;2,51
Gene_1930;1,68;0,72;2,58;1,04;0,44;2,45;1,47
Gene_1931;3,35;0,84;2,22;3,47;0,45;2,69;2,87
Gene_1932;3,28;1,91;4,57;2,29;0,49;0,97;1,47
Gene_1933;3,07;0,93;5,05;3,29;3,19;3,25;3,88
Gene_1934;0,36;1,39;0,43;0,34;0,15;2,03;0,56
Gene_1935;0,78;0,92;0,8;1,08;0,19;4,73;6,67
Gene_1936;3,16;0,46;3;0,23;1,96;1,69;0,73
Gene_1937;1,75;0,03;1,71;3,4;0,58;3,05;2,91
Gene_1938;3,19;0,06;5,91;6,76;1,89;3,36;7,43
Gene_1939;4,46;1,37;0,23;2,89;0,43;4,86;2,56
Gene_1940;0,91;0,03;2,06;0,41;0;0,21;0,21
Gene_1941;1,31;0;3,08;4,23;0,33;3,37;0,09
Gene_1942;2,8;1,27;2,49;3,32;0,43;1,59;3,2
Gene_1943;2,86;0,1;1,86;3,53;0,34;0,7;0,33
Gene_1944;0,79;5,66;1,14;1,11;0,42;1,29;5,18
Gene_1945;1,25;0,81;1,84;0,55;0,06;6,16;0
Gene_1946;6,33;3,48;3,76;3,06;0,55;4,09;4,85
Gene_1947;2,39;0,02;0,76;0,86;0,08;1,81;1,15
Gene_1948;5,49;0,98;1,79;0,6;0,04;1,03;0,53
Gene_1949;5,45;5,74;3,84;5,68;0,97;3,1;3,69
Gene_1950;3,49;0,29;1,15;1,48;3,93;1,98;5,28
Gene_1951;2,84;0;2,92;5,04;0,43;1,18;0,67
Gene_1952;6,9;1,91;5,31;5,98;0,48;3,99;2,77
Gene_1953;0,54;0,05;4,92;6,4;3,6;4,75;3,91
Gene_1954;2;0,03;0,39;0,06;0,11;0,15;0,03
Gene_1955;0,05;0;0,11;0;0,06;0,07;0
Gene_1956;2,72;0;3,19;2,16;0,46;1,34;0
Gene_1957;2,16;2,25;2,88;3,56;3,79;4,15;3,3
Gene_1958;3,47;1,86;1,28;0,72;0,23;0,39;5,82
Gene_1959;0,33;10,17;1,98;0,76;0,47;2,88;6,01
Gene_1960;0,91;0,1;1,84;0,19;0,04;0,11;5,63
Gene_1961;0,55;0,2;1,28;0,41;0,04;0,1;5,62
Gene_1962;4,97;0,93;2,83;4,62;0,65;0,85;0,99
Gene_1963;4,05;0,13;1,18;1,88;0;0,12;0
Gene_1964;5,17;0,03;3,12;2,7;0,52;2,12;0,38
Gene_1965;0,48;1,2;1,1;0,63;2,11;3,47;3,76
Gene_1966;2,57;0,19;2,42;2,58;0,77;1,8;2,32
Gene_1967;7,75;3,25;3,45;3,86;7,48;2,43;1,08
Gene_1968;4,72;3,34;1,35;0,62;5,03;4,97;7,59
Gene_1969;3,28;0,84;1,47;3,69;0,43;1,39;0,42
Gene_1970;4,24;0,04;1,78;1,54;3,05;0,81;0,21
Gene_1971;5,94;0,33;3,28;1,57;2,42;1,52;1,93
Gene_1972;6,6;0,19;6,93;9,21;3,68;4,81;6,72
Gene_1973;4;0,02;1,64;2,1;0,48;1;0,08
Gene_1974;7,33;0,35;5,35;5,36;1,04;4,64;0,31
Gene_1975;1,33;0,27;1,81;0,96;3,44;4,22;0,18
Gene_1976;0,21;0,57;1,09;1,56;1,8;9,61;1,1
Gene_1977;2,19;0,17;5,1;5,13;2,28;4,59;7,36
Gene_1978;2,92;0,5;3,87;4;0,86;1,48;0,94
Gene_1979;2,78;3,67;1,06;0,72;0,48;0,8;0,07
Gene_1980;4,27;2,43;1,48;2,28;1,6;1,38;1,01
Gene_1981;3,91;1,7;3,04;2,25;0,78;1,41;7,08
Gene_1982;2,73;0,09;1,16;1,54;0,16;1,72;1,76
Gene_1983;1,14;0,17;1,01;2,42;0,97;1,1;0,47
Gene_1984;2,14;0,12;4,34;3,41;0,4;0,73;0,13
Gene_1985;5,1;0;2,14;6,73;4,78;2,85;1,49
Gene_1986;1,16;0,08;1,45;2,49;0,21;0,08;0,11
Gene_1987;0,13;0;0,32;0,27;0,08;0,46;6,15
Gene_1988;5,42;0,58;3,75;5,05;0,59;1,22;0,24
Gene_1989;5,21;0,47;4,15;2,45;0,67;1,28;0,12
Gene_1990;4,84;0,95;3,73;3,43;2,38;2,31;1,77
Gene_1991;5,56;0,45;3,16;4,12;1,35;1,62;0,03
Gene_1992;2,18;0,4;3,49;5,27;2,61;3,44;0,25
Gene_1993;5,44;1,46;3,13;2,45;3,9;2,07;1,44
Gene_1994;2,78;0,09;3,09;4,39;0,19;1,33;0
Gene_1995;10,44;5,73;6,07;3,32;0,7;4,45;0,13
Gene_1996;3,56;0,47;3,28;4,83;1,62;1,77;2,45
Gene_1997;3,57;0,09;2,48;4,97;1,04;6,73;0,2
Gene_1998;3,63;0,11;2,94;3,46;0,38;0,4;1,69
Gene_1999;2,46;0,22;0,81;1,22;0,07;0,67;0,87
Gene_2000;1,79;0,12;0,27;0,52;0,09;0,98;0,5
