UMAP_1;UMAP_2;Ident
8,363473902;-5,53124061;Oocyst
8,224633227;-5,611923842;Oocyst
8,068442354;-5,725194125;Oocyst
6,950727949;-5,784043459;Oocyst
6,936188231;-6,210406451;Oocyst
7,107120524;-6,293416647;Oocyst
8,759060869;-6,454186587;Oocyst
7,333828936;-6,097526698;Oocyst
6,70584775;-6,172049193;Oocyst
8,485166559;-5,644881396;Oocyst
8,012195597;-5,509325652;Oocyst
6,609386454;-5,685583262;Oocyst
6,150361548;-5,890162138;Oocyst
7,500863562;-5,867143778;Oocyst
7,332736979;-5,833175806;Oocyst
6,251256952;-5,977613119;Oocyst
8,271718035;-5,860551981;Oocyst
3,847309599;-5,587228922;Oocyst
8,280804644;-5,824100642;Oocyst
7,89240695;-5,679564146;Oocyst
7,424255858;-5,894416479;Oocyst
7,169091711;-6,136693148;Oocyst
9,345469484;-6,370991854;Oocyst
7,747888575;-6,380331663;Oocyst
7,579248438;-6,377774863;Oocyst
9,111309061;-6,520509867;Oocyst
7,464343557;-6,255289225;Oocyst
9,44089509;-5,834334998;Oocyst
8,093244562;-5,670250563;Oocyst
8,698521624;-5,924766211;Oocyst
7,036211977;-5,919516711;Oocyst
7,676532755;-5,806144862;Oocyst
7,313491354;-5,656900076;Oocyst
6,268117914;-5,995065836;Oocyst
6,938989172;-5,94089189;Oocyst
6,98266984;-5,711472659;Oocyst
7,749230871;-5,648382334;Oocyst
7,311706553;-6,441351561;Oocyst
8,587387095;-5,817380576;Oocyst
8,590014467;-5,743891386;Oocyst
7,564587126;-5,913537173;Oocyst
5,781636725;-5,804505495;Oocyst
7,157603274;-6,364091544;Oocyst
9,523861895;-6,224488406;Oocyst
7,623222838;-6,394934325;Oocyst
7,098201285;-6,208171515;Oocyst
7,479539881;-6,368870406;Oocyst
7,569681177;-6,39168611;Oocyst
8,686553965;-6,213556914;Oocyst
8,196754465;-5,60461059;Oocyst
7,403379927;-5,801695494;Oocyst
6,400474558;-5,662277369;Oocyst
6,229022036;-5,816649107;Oocyst
7,087995539;-5,838347582;Oocyst
8,484248171;-5,726678995;Oocyst
6,48257638;-6,118039755;Oocyst
6,181587229;-5,916721968;Oocyst
8,184134493;-5,668555407;Oocyst
7,771519194;-6,145302443;Oocyst
9,121980677;-5,923418192;Oocyst
8,051795015;-5,560762076;Oocyst
7,88412715;-5,651953368;Oocyst
7,400807867;-6,168390421;Oocyst
7,395282278;-6,450779585;Oocyst
9,244110117;-6,447933821;Oocyst
7,834105501;-6,284875063;Oocyst
7,898165236;-6,439394621;Oocyst
8,794163714;-6,447422652;Oocyst
8,912485132;-6,434670596;Oocyst
9,056300173;-5,795562415;Oocyst
6,268974791;-5,763401179;Oocyst
6,222651014;-5,649149088;Oocyst
6,373978624;-5,807348875;Oocyst
6,124947081;-5,849599985;Oocyst
6,352745066;-5,7486383;Oocyst
6,168407927;-5,740026144;Oocyst
6,789398203;-5,775817541;Oocyst
8,539811144;-5,661518244;Oocyst
6,486869822;-6,04186645;Oocyst
9,268675814;-5,841573862;Oocyst
9,098709116;-5,861309676;Oocyst
8,683554659;-5,818804411;Oocyst
7,554725657;-6,172339587;Oocyst
9,912362108;-6,231163172;Oocyst
7,862945089;-6,396319537;Oocyst
8,774728785;-6,407275347;Oocyst
8,837147722;-6,378535895;Oocyst
9,376708994;-6,286089091;Oocyst
9,789927492;-5,870427279;Oocyst
7,929701815;-5,54262176;Oocyst
7,825178156;-5,596988825;Oocyst
8,239487658;-5,548776297;Oocyst
7,319342146;-5,660439162;Oocyst
7,943601141;-5,712680964;Oocyst
8,748261461;-5,793079047;Oocyst
9,790682802;-6,100572256;Oocyst
8,9243641;-5,741590647;Oocyst
9,133024225;-6,03130403;Oocyst
9,810735712;-6,223414091;Oocyst
9,374302874;-6,087905554;Oocyst
9,458094607;-6,073286204;Oocyst
9,461767206;-6,188603548;Oocyst
9,087377558;-6,433366446;Oocyst
9,664713869;-6,251856474;Oocyst
8,611701021;-5,541721491;Oocyst
9,411627779;-6,013631968;Oocyst
-14,89593123;11,35466275;Ookinete
-5,024837961;10,70966134;Ookinete
-15,15557097;11,55941376;Ookinete
-15,02462958;11,57361302;Ookinete
-15,26000308;11,48737702;Ookinete
-15,42593097;11,77091298;Ookinete
-14,83589457;11,62695489;Ookinete
-14,25620364;11,32995591;Ookinete
-14,65329551;11,64271721;Ookinete
-14,91456126;11,55133042;Ookinete
-14,24727057;11,38435635;Ookinete
-15,36814212;11,63751874;Ookinete
-14,36098575;11,35365948;Ookinete
-15,36993503;11,76620278;Ookinete
-14,63751887;11,79833302;Ookinete
-14,61671256;11,50901875;Ookinete
-14,5089712;11,29191193;Ookinete
-14,89472484;11,34948239;Ookinete
-14,30895995;11,85026345;Ookinete
-14,41001986;11,64540944;Ookinete
-14,16599368;11,31672272;Ookinete
2,212831745;2,671149583;Ookinete
-4,951974382;10,62778744;Ookinete
-15,54205703;11,68381867;Ookinete
-5,149054994;10,82245717;Ookinete
-15,40719127;11,80955205;Ookinete
-14,00968837;11,59576973;Ookinete
-14,62664222;11,27574238;Ookinete
-5,133874407;10,81744084;Ookinete
-15,5711584;11,66733536;Ookinete
-14,08360385;11,41513047;Ookinete
-14,67686461;11,26671395;Ookinete
-5,066345205;10,78141007;Ookinete
-14,22112845;11,45809063;Ookinete
-14,96705531;11,44337258;Ookinete
-5,112434378;10,8031033;Ookinete
-5,115045061;10,80443177;Ookinete
-5,082618704;10,71570763;Ookinete
-5,059402933;10,74470982;Ookinete
-14,52514361;11,81975255;Ookinete
-5,030536642;10,87023148;Ookinete
-14,47394561;11,70907292;Ookinete
-14,10269736;11,87033448;Ookinete
-5,141924372;10,80217156;Ookinete
-14,18278598;11,59844193;Ookinete
-15,05908488;11,35458264;Ookinete
-13,96256541;11,77930245;Ookinete
-15,55936431;11,71289811;Ookinete
-15,012681;11,36770234;Ookinete
-14,43154811;11,68147358;Ookinete
-14,7961254;11,7518805;Ookinete
-14,7629404;11,70025906;Ookinete
-14,69310283;11,41962704;Ookinete
-15,17450332;11,44285092;Ookinete
-15,21370219;11,605975;Ookinete
-14,87539481;11,59682831;Ookinete
-14,39109992;11,64550767;Ookinete
-14,91141414;11,55569253;Ookinete
7,060000906;-11,28224864;Ookinete
7,293993483;-11,34177604;Ookinete
8,678377161;-11,26453414;Ookinete
-15,46808337;11,71984658;Ookinete
7,085335264;-11,37243667;Ookinete
7,066522131;-11,33592239;Ookinete
7,000903616;-11,24341693;Ookinete
7,570268164;-11,33549133;Ookinete
7,139452944;-11,26190486;Ookinete
-5,131626119;10,77957902;Ookinete
-13,88518428;11,63294682;Ookinete
-15,43434905;11,6903418;Ookinete
6,976686487;-11,18213478;Ookinete
-15,248147;11,66169247;Ookinete
0,071067708;-8,005717425;Ookinete
-14,03583144;11,41623768;Ookinete
-14,0520172;11,57998833;Ookinete
7,221675882;-11,32318035;Ookinete
7,033447275;-11,25811878;Ookinete
7,126420031;-11,36318698;Ookinete
-13,77479362;11,55359635;Ookinete
7,176346789;-11,29080787;Ookinete
7,007460604;-11,18366924;Ookinete
-13,88676929;11,52971634;Ookinete
6,875952253;-11,41774764;Ookinete
-13,79799937;11,55055127;Ookinete
-15,53581332;11,74373707;Ookinete
-5,158202162;10,83705124;Ookinete
-13,85648631;11,5527018;Ookinete
6,956659327;-11,18356338;Ookinete
-5,204874029;10,89539132;Ookinete
-5,026583662;10,71470627;Ookinete
-5,10551404;10,83454022;Ookinete
6,970576773;-11,12208381;Ookinete
7,41877986;-11,35359302;Ookinete
7,4145856;-11,32403865;Ookinete
7,585224638;-11,3328096;Ookinete
6,931873808;-11,13896957;Ookinete
-13,81814765;11,69384274;Ookinete
-13,85855006;11,67939362;Ookinete
7,210333357;-11,32411399;Ookinete
-14,02326488;11,45801243;Ookinete
7,92738677;-11,31904617;Ookinete
-5,043535223;10,72524724;Ookinete
-13,74318789;11,56592831;Ookinete
11,84720136;-9,14159408;Oocyst
12,03955937;-7,480866579;Oocyst
11,8316393;-8,562849192;Oocyst
11,82867909;-9,284361987;Oocyst
12,01770593;-8,763417391;Oocyst
11,86568166;-8,213488726;Oocyst
9,944613466;-10,68674007;Ookinete
11,629735;-7,909274248;Oocyst
11,94347001;-6,764236121;Oocyst
11,77204801;-7,330002932;Oocyst
10,08448983;-10,74766841;Ookinete
10,72278882;-6,654617457;Oocyst
12,01748754;-7,111134676;Oocyst
12,13218595;-6,910393385;Oocyst
12,00176145;-6,591284899;Oocyst
12,00363637;-8,252636103;Oocyst
11,64169122;-6,308485178;Oocyst
11,70765019;-7,053328661;Oocyst
11,08769227;-7,254316477;Oocyst
9,763872156;-6,221380381;Oocyst
11,24220372;-7,288858561;Oocyst
11,8867159;-6,438717512;Oocyst
11,90255834;-9,113179354;Oocyst
8,92388917;-11,20323291;Ookinete
11,00271894;-6,167833475;Oocyst
10,70472432;-10,24923053;Oocyst
10,67724134;-6,513789801;Oocyst
10,32567884;-6,516457228;Oocyst
11,39945603;-9,704459338;Oocyst
8,731085787;-11,23860088;Ookinete
11,91706849;-7,357284693;Oocyst
11,40309239;-6,403010039;Oocyst
10,51835347;-6,66837707;Oocyst
9,937148104;-6,483714251;Oocyst
8,899422655;-11,19261756;Ookinete
11,11873914;-7,219481615;Oocyst
9,88198472;-10,7367641;Ookinete
9,955166826;-10,7081348;Ookinete
11,57514287;-9,57469192;Oocyst
10,4704485;-6,60784593;Oocyst
10,79253198;-6,949240832;Oocyst
10,87924958;-10,11841026;Oocyst
10,66464616;-6,726627974;Oocyst
11,14438249;-9,920028834;Oocyst
11,94774056;-6,620449213;Oocyst
8,585843096;-11,30854717;Ookinete
9,055147181;-11,12035289;Ookinete
8,733030329;-11,35446277;Ookinete
8,890443812;-11,20321765;Ookinete
9,29564477;-11,02760139;Ookinete
10,83632756;-6,256716875;Oocyst
11,52176953;-6,033563761;Oocyst
9,593971262;-10,92167011;Ookinete
10,9526043;-10,08677211;Oocyst
10,54420758;-6,536506323;Oocyst
10,98696328;-7,030291705;Oocyst
10,42382337;-10,44108215;Oocyst
8,71308137;-11,27990737;Ookinete
11,72712232;-9,35398498;Oocyst
11,79312039;-8,306159167;Oocyst
11,95280648;-8,752881197;Oocyst
11,43085958;-6,015182165;Oocyst
10,95115663;-7,134159235;Oocyst
10,41510964;-6,533182291;Oocyst
9,165555964;-6,269642023;Oocyst
8,810746203;-11,24411121;Ookinete
11,84330178;-6,893984942;Oocyst
11,93807698;-5,926844267;Oocyst
11,83953763;-7,421172289;Oocyst
11,86140729;-8,254602579;Oocyst
11,61139012;-8,354526667;Oocyst
8,668013582;-11,33921066;Ookinete
10,42527677;-6,579066424;Oocyst
11,6444893;-7,393162875;Oocyst
12,14153386;-6,581360487;Oocyst
12,00599195;-8,68056312;Oocyst
12,05572892;-6,561877875;Oocyst
12,2705412;-6,765246062;Oocyst
11,82543183;-6,101251749;Oocyst
8,725421915;-11,32665935;Ookinete
11,71413995;-8,114658503;Oocyst
11,85168839;-7,612677721;Oocyst
9,397809992;-11,00844493;Ookinete
11,82415868;-8,368924288;Oocyst
12,2940054;-6,626762537;Oocyst
9,706542978;-10,88191047;Ookinete
9,59966279;-10,89079872;Ookinete
12,01332093;-7,333199648;Oocyst
12,03116227;-6,742484717;Oocyst
8,752573023;-11,28252807;Ookinete
8,68180562;-11,31304851;Ookinete
9,794046412;-10,83008209;Ookinete
11,21063424;-9,751429705;Oocyst
12,06429673;-6,952328829;Oocyst
11,0950842;-9,964316515;Oocyst
12,25273992;-6,60010734;Oocyst
11,78582955;-6,087085871;Oocyst
11,74689294;-9,370978503;Oocyst
12,01145936;-8,493122248;Oocyst
11,85212804;-7,342775492;Oocyst
11,83449174;-8,211520342;Oocyst
11,77793313;-7,581339983;Oocyst
11,17032052;-9,915550379;Oocyst
11,67880727;-9,462272791;Oocyst
12,26567937;-6,794207243;Oocyst
11,86846448;-7,627061991;Oocyst
11,60009862;-9,511973528;Oocyst
11,90811063;-6,237210421;Oocyst
8,856075297;-11,20012203;Ookinete
10,58095265;-6,428183703;Oocyst
11,67921067;-6,089318423;Oocyst
11,04908563;-10,00808921;Oocyst
12,06483174;-7,863761095;Oocyst
9,652873049;-10,8882896;Ookinete
11,91432;-5,965635447;Oocyst
11,82664109;-9,346303133;Oocyst
11,47174264;-9,639747767;Oocyst
8,548019419;-11,35045352;Ookinete
10,86712838;-6,739264635;Oocyst
9,84667016;-10,77364078;Ookinete
9,702490816;-10,89089218;Ookinete
12,05223371;-6,045051245;Oocyst
11,69417859;-6,016639857;Oocyst
12,07785417;-7,090901522;Oocyst
11,52803231;-7,601071505;Oocyst
11,68844129;-6,173617033;Oocyst
11,87464143;-5,977000384;Oocyst
11,85387326;-9,257644801;Oocyst
11,71956159;-7,847146181;Oocyst
11,22430326;-9,86558166;Oocyst
11,98665811;-6,056969313;Oocyst
12,10080625;-6,641176848;Oocyst
10,27661038;-10,59809699;Ookinete
11,59339238;-7,884062914;Oocyst
11,59815885;-6,163991122;Oocyst
11,95263196;-6,838268427;Oocyst
10,3746071;-10,4919025;Ookinete
12,01391793;-7,23073688;Oocyst
9,802280436;-10,78277793;Ookinete
12,11639405;-6,819609312;Oocyst
11,5995102;-7,79936233;Oocyst
11,01767827;-10,02733436;Oocyst
11,65561677;-8,11196628;Oocyst
11,94183255;-6,033563284;Oocyst
11,79783631;-6,067795901;Oocyst
11,93059731;-7,638898043;Oocyst
11,80443288;-8,334418444;Oocyst
11,71872808;-6,917536406;Oocyst
11,56969834;-9,551117091;Oocyst
11,11357213;-6,147709517;Oocyst
11,71778871;-8,47838035;Oocyst
11,78493501;-8,255680231;Oocyst
12,04445172;-6,881549982;Oocyst
11,85580255;-9,25613418;Oocyst
11,95946504;-7,613499789;Oocyst
10,21116162;-10,56847682;Ookinete
11,51260758;-6,004113821;Oocyst
11,87651158;-9,343987612;Oocyst
10,22964002;-10,57054248;Ookinete
12,19421197;-7,129199175;Oocyst
12,07019712;-6,298567919;Oocyst
11,74111081;-8,016535906;Oocyst
8,194275866;-11,30448451;Ookinete
12,08885861;-6,624283461;Oocyst
11,71958734;-7,397398142;Oocyst
9,696000109;-10,79708972;Ookinete
11,88894845;-6,568195013;Oocyst
11,86785413;-8,935198931;Oocyst
11,29246903;-9,800213961;Oocyst
10,59194947;-10,34126201;Ookinete
11,90244485;-8,97481647;Oocyst
11,93613435;-6,257985739;Oocyst
10,9040146;-10,16433349;Oocyst
11,84759904;-8,333417086;Oocyst
11,94577123;-8,429877428;Oocyst
12,11606408;-6,219535021;Oocyst
9,660254488;-10,87336269;Ookinete
11,6463461;-7,477076678;Oocyst
11,90995217;-8,763383059;Oocyst
11,79921533;-9,194993166;Oocyst
10,12325574;-10,63393321;Ookinete
12,09727288;-6,795462279;Oocyst
11,73597718;-9,394980578;Oocyst
11,88879968;-6,227183966;Oocyst
7,004879484;-1,704219012;Liver
7,54818965;-2,337207941;Liver
7,637462626;1,54409072;Liver
3,059234867;6,994135233;Liver
7,452142248;-1,062892107;Liver
6,93906642;-2,642433314;Liver
8,061770449;-2,143792776;Liver
7,607200632;0,291056426;Liver
7,515758524;-0,180495052;Liver
7,27316905;-1,434902338;Liver
7,595034609;1,325467946;Liver
7,273409853;-0,112381486;Liver
7,623331556;-2,069685845;Liver
6,994639883;-2,770863203;Liver
7,525344381;1,611151906;Liver
7,615533838;0,004625531;Liver
7,505077849;-3,195639281;Liver
7,351747046;-2,855730681;Liver
7,558303366;-1,101110367;Liver
3,249975929;6,800508352;Liver
7,698184023;-2,141103892;Liver
7,96533824;-2,043910889;Liver
3,156913529;6,984045358;Liver
7,186133394;-1,48160067;Liver
6,901260862;-2,185704617;Liver
7,300886164;2,457157345;Liver
7,286342154;2,489315601;Liver
8,118846903;-2,219720988;Liver
7,516500006;-0,610835461;Liver
7,271723757;-2,638328223;Liver
7,324106226;-0,127763776;Liver
6,736392031;-2,481076388;Liver
7,277715216;0,086724253;Liver
7,136300097;-1,19539061;Liver
7,104115973;-2,400962977;Liver
6,949998865;-2,704929737;Liver
7,307903776;-1,28527513;Liver
1,926581631;7,129659029;Liver
7,262600432;2,533694716;Liver
7,577798376;1,730287822;Liver
7,295845041;-1,501516966;Liver
6,899038801;-2,254171996;Liver
2,358989964;7,199883314;Liver
7,592689047;-2,15440741;Liver
7,08541585;-0,756089715;Liver
7,175941;-1,242991356;Liver
7,197637568;0,12458113;Liver
7,785822878;-2,179418234;Liver
7,970985422;-2,009933619;Liver
7,864788542;-2,099691061;Liver
7,910862455;-1,902948527;Liver
7,591111193;-2,23212686;Liver
6,047322283;-3,007459788;Liver
7,76264144;-1,933661131;Liver
7,271985064;0,115980955;Liver
7,651959429;1,707892926;Liver
6,537261019;-2,706993489;Liver
7,274810324;0,077831777;Liver
7,690932284;-2,167872338;Liver
7,49275733;1,910484644;Liver
7,483158598;-1,656531004;Liver
7,415102492;-2,056051163;Liver
7,740025053;-2,425852446;Liver
6,787323008;-2,438248305;Liver
7,58388854;1,689853104;Liver
7,740775118;-2,717683462;Liver
7,555435667;0,887400092;Liver
7,703813086;-2,163147358;Liver
7,608603964;1,830787154;Liver
7,63468648;-2,426298766;Liver
7,403641234;-0,752651839;Liver
2,939508209;7,065430971;Liver
7,361174116;0,378597112;Liver
7,12305213;-0,32969108;Liver
7,1863556;-0,169240384;Liver
7,922411451;-2,171922831;Liver
7,503727923;1,002911868;Liver
7,223335753;-2,412690071;Liver
7,002056608;-2,225499062;Liver
7,343372355;-2,351977734;Liver
6,880744467;-2,414619116;Liver
7,568751822;-2,509191422;Liver
7,576895247;1,471715571;Liver
7,559989462;1,586876186;Liver
7,330277453;2,492928358;Liver
7,312553892;-2,54643455;Liver
7,497768412;0,71649036;Liver
6,934382448;-2,081621556;Liver
7,899822722;-2,311773924;Liver
7,524139891;-2,382086663;Liver
7,575634012;1,435281159;Liver
6,96678401;-2,182579188;Liver
7,159244547;-0,040831713;Liver
7,252010355;0,009582372;Liver
7,052773008;-2,484741358;Liver
7,137583742;-2,102355627;Liver
7,478163729;2,116594048;Liver
6,813257227;-2,372936873;Liver
7,132314692;-0,922221689;Liver
7,274117479;0,143377932;Liver
7,428144941;0,693386258;Liver
7,48205472;0,8526188;Liver
7,060041437;-2,818585305;Liver
7,20865489;-2,215517191;Liver
1,898165355;7,256934019;Liver
7,283261786;2,289957257;Liver
7,441151629;1,803416165;Liver
7,528793345;0,840536015;Liver
7,539393435;0,626545252;Liver
7,069165716;-2,157252459;Liver
7,497312079;1,868102821;Liver
7,64046813;-0,130085377;Liver
7,451369772;1,914763005;Liver
7,283389101;-1,098475603;Liver
7,163095007;-0,210947661;Liver
7,626775751;1,560518147;Liver
7,909554014;-1,972935109;Liver
7,963397036;-2,01090136;Liver
7,249294768;-2,318490414;Liver
7,135035524;-2,299516825;Liver
7,145405779;-1,279588608;Liver
7,003005037;-2,70063105;Liver
6,963903914;-2,711239247;Liver
7,359502325;2,408810826;Liver
7,164993773;-2,571432022;Liver
1,812899838;7,166228624;Liver
7,780279646;-1,816435246;Liver
7,081584463;-1,743566183;Liver
7,214997778;2,517954798;Liver
7,391499529;1,991253527;Liver
7,67129899;-0,099674014;Liver
7,530773172;-0,917359857;Liver
7,52896596;1,848955544;Liver
7,426660547;-2,725371985;Liver
7,440579424;-0,811354784;Liver
7,37301446;-2,137169985;Liver
7,611794005;1,271001266;Liver
7,469524393;-1,107150463;Liver
2,948795328;7,092876287;Liver
7,757402907;-1,878869442;Liver
7,168826113;-1,996023802;Liver
7,398666868;2,309367509;Liver
7,486964235;2,066163214;Liver
2,05077363;7,244803758;Liver
8,050750742;-2,020015864;Liver
7,795538912;-1,820683865;Liver
7,568791399;0,707174065;Liver
7,551590929;1,143358754;Liver
7,528180609;0,577364685;Liver
7,041519652;-1,779073624;Liver
7,712022314;-1,596433071;Liver
5,054050932;-5,655214934;Liver
7,601809034;-0,296202926;Liver
8,031150828;-1,839214711;Liver
7,556598673;-1,082711844;Liver
7,18982173;-1,694760231;Liver
7,235276709;-0,984536557;Liver
7,32372428;0,419695528;Liver
7,552062044;1,458729537;Liver
-12,3244419;2,825573416;Sporozoite
-12,78014945;2,397711845;Sporozoite
-12,51262092;4,316912027;Sporozoite
-12,15896892;3,304794641;Sporozoite
-12,58918761;3,999873729;Sporozoite
-12,47629165;3,914662452;Sporozoite
-11,6583414;5,723709436;Sporozoite
-12,53299998;1,356179209;Sporozoite
-12,18856048;2,321907135;Sporozoite
-12,31179809;1,565522941;Sporozoite
-12,4448223;3,47143993;Sporozoite
-12,39348029;3,570983263;Sporozoite
-12,35650252;2,234921666;Sporozoite
-12,29350947;1,77201155;Sporozoite
-12,27848243;2,078673216;Sporozoite
-12,27658557;3,119796844;Sporozoite
-12,44911193;3,454231353;Sporozoite
-12,55795192;2,810883136;Sporozoite
-12,01538276;3,081993433;Sporozoite
-12,51635074;3,635176988;Sporozoite
-12,00864505;3,064967127;Sporozoite
-12,23534583;5,356477113;Sporozoite
-12,23992824;4,663785072;Sporozoite
-12,19858455;1,669875177;Sporozoite
-12,34085082;2,131946536;Sporozoite
-12,6589651;2,971849294;Sporozoite
-12,44227408;4,192281576;Sporozoite
-12,61777305;1,446552547;Sporozoite
-12,8041706;2,282363148;Sporozoite
-11,85405635;2,69916174;Sporozoite
-11,40071677;6,659138532;Sporozoite
-12,71102714;2,210769029;Sporozoite
-12,89730071;2,258236499;Sporozoite
-11,69049357;5,100719305;Sporozoite
-12,20355319;2,275899978;Sporozoite
-12,45572566;1,685111316;Sporozoite
-12,48417758;3,115299554;Sporozoite
-11,9789009;2,147191616;Sporozoite
-12,52472209;1,823750885;Sporozoite
-12,35527801;3,371394964;Sporozoite
-11,96455764;3,142772051;Sporozoite
-12,55944823;2,61695406;Sporozoite
-12,63558768;3,434711309;Sporozoite
-12,0834999;3,646071764;Sporozoite
-11,8945999;2,540917369;Sporozoite
-13,0363388;2,12665567;Sporozoite
-11,98983573;2,488286467;Sporozoite
-12,39271163;3,762334915;Sporozoite
-12,3306322;3,294196697;Sporozoite
-12,28615378;3,305020185;Sporozoite
-12,25933742;3,90867457;Sporozoite
-11,83868789;5,9894484;Sporozoite
-13,13167762;2,552609892;Sporozoite
-12,57737254;1,902302714;Sporozoite
-12,71471309;2,368282409;Sporozoite
-12,39226722;3,283790918;Sporozoite
-12,89528464;2,359691949;Sporozoite
-12,01711177;3,584868045;Sporozoite
-11,99893569;3,787216993;Sporozoite
-12,00862979;1,853989514;Sporozoite
-13,17541312;2,56354961;Sporozoite
-12,63453578;1,963382693;Sporozoite
-12,66855144;2,431179138;Sporozoite
-12,29421424;3,200737806;Sporozoite
-13,010643;2,362118931;Sporozoite
-12,07556724;3,648952098;Sporozoite
-11,96679019;3,893217178;Sporozoite
-12,03819274;1,750045748;Sporozoite
-12,34260749;3,07677445;Sporozoite
-12,24897384;1,803036602;Sporozoite
-12,13152312;3,897249075;Sporozoite
-12,48227977;1,857529791;Sporozoite
-12,39206313;2,59107122;Sporozoite
-12,50814628;3,097310873;Sporozoite
-12,57791804;2,54163179;Sporozoite
-12,09641646;3,033230396;Sporozoite
-12,11430549;4,558756443;Sporozoite
-12,36063289;3,735463472;Sporozoite
-12,07286071;2,863918753;Sporozoite
-12,3130207;2,056958945;Sporozoite
-12,66559695;2,185442062;Sporozoite
-12,0456581;4,135035606;Sporozoite
-12,55910014;3,134853693;Sporozoite
-11,51131724;5,308436247;Sporozoite
-12,20283412;1,448471548;Sporozoite
-12,3121128;1,881772311;Sporozoite
-12,4176607;2,958637806;Sporozoite
-12,96942328;2,194833489;Sporozoite
-12,03196429;2,494816871;Sporozoite
-12,19848441;2,793303819;Sporozoite
-12,64555549;1,997751506;Sporozoite
-12,55051803;2,18527958;Sporozoite
-12,1792736;3,124467226;Sporozoite
-12,1047964;3,452520462;Sporozoite
-12,23418616;2,910217376;Sporozoite
-12,04299258;2,57204351;Sporozoite
-12,39328288;2,56105754;Sporozoite
-12,7616186;3,522826524;Sporozoite
-12,65986442;3,075004669;Sporozoite
-12,53036403;1,372944178;Sporozoite
-12,77088927;2,634026857;Sporozoite
-12,49015044;1,366735371;Sporozoite
-12,6727724;2,692470403;Sporozoite
-12,35793876;1,94568059;Sporozoite
-12,46285724;1,830475481;Sporozoite
-12,39147281;2,05708644;Sporozoite
-12,31131171;2,872556182;Sporozoite
-12,71467971;2,098232122;Sporozoite
-11,98444842;3,416949363;Sporozoite
-12,5456829;2,25903246;Sporozoite
-12,4308443;2,088358493;Sporozoite
-12,23040771;3,316660972;Sporozoite
-12,68845939;2,946691723;Sporozoite
-12,11793612;3,948563429;Sporozoite
-12,56541633;2,747872086;Sporozoite
-12,65101813;1,619757326;Sporozoite
11,63653375;-8,88133922;Sporozoite
-12,16032695;3,479924293;Sporozoite
-12,48992347;1,415640386;Sporozoite
-11,91438865;2,855339141;Sporozoite
-12,23947906;1,675358625;Sporozoite
-12,07450103;4,448481651;Sporozoite
-12,1600151;4,10448298;Sporozoite
-11,60794257;5,29848084;Sporozoite
-12,60782145;2,903259965;Sporozoite
-12,34559726;1,680757971;Sporozoite
-12,99373721;2,982433887;Sporozoite
-12,5348463;1,464796634;Sporozoite
-11,29351996;6,808365198;Sporozoite
-12,56295108;3,201319547;Sporozoite
-12,41425513;2,965998622;Sporozoite
-11,93728351;4,548971506;Sporozoite
-12,97508525;2,413577052;Sporozoite
-12,82042312;2,685945602;Sporozoite
-12,17200088;2,633009048;Sporozoite
-11,5160303;5,740130754;Sporozoite
-12,63880157;2,219361158;Sporozoite
-12,41840075;2,353825422;Sporozoite
-12,03770541;3,364987703;Sporozoite
-12,17439841;3,855832906;Sporozoite
-12,09844779;2,555753322;Sporozoite
-11,67558478;5,160963865;Sporozoite
-12,36402987;4,853461118;Sporozoite
-11,54158496;5,538964124;Sporozoite
-12,14919852;5,726384493;Sporozoite
-11,60933112;6,638683649;Sporozoite
-11,25338172;6,995022627;Sporozoite
-11,29541301;6,901379438;Sporozoite
-12,31754111;5,510305257;Sporozoite
-11,41453265;5,331496091;Sporozoite
-11,31385039;6,33739409;Sporozoite
-11,93864631;4,988555046;Sporozoite
-11,2106161;6,814370962;Sporozoite
-11,29028129;6,58502564;Sporozoite
-11,49165057;6,399909826;Sporozoite
-11,24187278;6,463981004;Sporozoite
-11,97365378;6,110037656;Sporozoite
-11,19660472;6,075140329;Sporozoite
-11,56350898;6,667989584;Sporozoite
-12,39647674;4,646117778;Sporozoite
-11,81755256;5,238332601;Sporozoite
-11,32092761;6,811228605;Sporozoite
-11,77565478;5,022862287;Sporozoite
-11,93127536;6,238967748;Sporozoite
-12,37167834;5,148291917;Sporozoite
-11,49385737;5,490563245;Sporozoite
-11,53542994;6,570446344;Sporozoite
-11,42873763;6,696352335;Sporozoite
-11,72004794;5,691836687;Sporozoite
-11,39284324;5,871312948;Sporozoite
-11,50066661;5,921307893;Sporozoite
-11,62148761;5,407187791;Sporozoite
-11,47749137;6,234970899;Sporozoite
-11,98556613;6,21507916;Sporozoite
-12,12257956;3,803524824;Sporozoite
-11,82364272;5,333839269;Sporozoite
-11,75157546;5,47030005;Sporozoite
-11,6219387;5,65813336;Sporozoite
-11,69425582;6,236760469;Sporozoite
-11,6432743;5,96803269;Sporozoite
-12,19819068;3,893257709;Sporozoite
-11,97668361;3,469153257;Sporozoite
-11,84604453;5,404270502;Sporozoite
-11,62982844;5,804118486;Sporozoite
-11,25177192;6,863622995;Sporozoite
-11,65783977;5,651016565;Sporozoite
-12,4711666;3,560310455;Sporozoite
-11,81133842;5,08418593;Sporozoite
-11,44459437;6,880581709;Sporozoite
-11,87717055;5,401318403;Sporozoite
-12,24517917;5,045786949;Sporozoite
-12,23719214;5,450849386;Sporozoite
-11,49360656;5,787362905;Sporozoite
-12,30782031;5,296624036;Sporozoite
-11,60222529;5,545041414;Sporozoite
-11,73012923;5,775258394;Sporozoite
-11,32031154;6,934177728;Sporozoite
-11,22113132;6,796953054;Sporozoite
-11,78319358;6,097057195;Sporozoite
-11,4421358;6,454521509;Sporozoite
-11,54472732;5,650593134;Sporozoite
-12,13198184;4,864340635;Sporozoite
-12,60050105;3,909460159;Sporozoite
-11,91946315;5,293166013;Sporozoite
-12,12876224;5,6759685;Sporozoite
-11,94705485;5,417841764;Sporozoite
-12,55564498;4,291417213;Sporozoite
-11,48642062;6,16517386;Sporozoite
-11,21162509;7,031374784;Sporozoite
-11,35416507;6,103266092;Sporozoite
-12,3021593;5,045847269;Sporozoite
-11,58064174;6,198803278;Sporozoite
-12,45005321;4,572039219;Sporozoite
-12,59139918;3,953250738;Sporozoite
-11,42858218;6,209361883;Sporozoite
-11,69210719;5,049770208;Sporozoite
-12,25144099;5,2753962;Sporozoite
-12,44596004;4,355456205;Sporozoite
-12,06679629;5,982674928;Sporozoite
-11,42630767;6,454653116;Sporozoite
-11,20748328;6,500373216;Sporozoite
-11,86660956;5,046684118;Sporozoite
-12,40385341;4,478840442;Sporozoite
-12,76110744;3,951799722;Sporozoite
-12,40727805;4,447993608;Sporozoite
-12,30823707;5,146557184;Sporozoite
-11,5395832;5,334590765;Sporozoite
-12,14008903;5,908497663;Sporozoite
-12,47639178;4,394489141;Sporozoite
-12,09269618;5,325532766;Sporozoite
-11,88069438;5,454670282;Sporozoite
-11,55158137;5,588432642;Sporozoite
-11,18665313;6,986928793;Sporozoite
-11,2117195;6,918807836;Sporozoite
-11,63635348;6,195226045;Sporozoite
-11,40903853;6,242647977;Sporozoite
-12,35730838;3,72542605;Sporozoite
-11,79410457;6,380141588;Sporozoite
-11,17066382;6,357960554;Sporozoite
-12,17321586;5,20599732;Sporozoite
-11,89429759;5,472068163;Sporozoite
-12,11317538;5,286861272;Sporozoite
-12,57561015;4,242417904;Sporozoite
-11,33752345;5,733119341;Sporozoite
-11,51440238;6,637666555;Sporozoite
-11,16872691;6,903184267;Sporozoite
-11,83799552;5,274526926;Sporozoite
-11,33805846;6,166453691;Sporozoite
-2,028871527;-8,189611582;Merozoite
-2,287815323;-8,22114387;Merozoite
-3,127556791;-8,576815752;Merozoite
-2,557697048;-8,787844805;Merozoite
-3,475788822;-7,917777209;Merozoite
-3,561385622;-8,298898844;Merozoite
-0,805189838;-7,983266024;Merozoite
-3,519382467;-8,238241343;Merozoite
-3,268966665;-8,04049602;Merozoite
-2,176398268;-8,352602152;Merozoite
-3,91944622;-7,954240946;Merozoite
-3,407557478;-8,22437015;Merozoite
-0,99822711;-8,443165926;Merozoite
-2,236346235;-8,327045588;Merozoite
-3,482424726;-8,309441714;Merozoite
-3,740739813;-8,063194422;Merozoite
-3,030189028;-8,661940722;Merozoite
-3,783108225;-8,06442943;Merozoite
-3,103178491;-8,284318117;Merozoite
-2,766349068;-8,118082194;Merozoite
-2,859464636;-8,6777288;Merozoite
-2,129440298;-8,112490801;Merozoite
-3,382823458;-8,246786265;Merozoite
-2,73757576;-7,642677454;Merozoite
-0,901845267;-8,287222056;Merozoite
-2,323203077;-8,53401771;Merozoite
-2,973862638;-8,392306475;Merozoite
-4,4860711;1,772294851;Merozoite
-3,816773167;-8,060449747;Merozoite
-3,499917498;-8,156187205;Merozoite
-0,644543161;-8,144149927;Merozoite
-2,136463871;-8,680741457;Merozoite
-2,110507002;-8,428992419;Merozoite
-2,453609218;-8,461307673;Merozoite
-2,189877024;-8,976020007;Merozoite
-2,797328224;-8,445191531;Merozoite
-3,110288133;-8,522420077;Merozoite
-2,095302334;-8,679906992;Merozoite
-1,265227427;-8,542527346;Merozoite
-3,307849636;-8,380589632;Merozoite
-3,663728943;-8,248204378;Merozoite
-2,136020412;-7,996318011;Merozoite
-3,937330236;-7,969910769;Merozoite
-3,697392216;-8,187995104;Merozoite
-2,296145906;-8,696607737;Merozoite
-1,4039539;-8,460379748;Merozoite
-1,108138552;-8,392829089;Merozoite
-3,081995239;-8,499704508;Merozoite
-0,870753398;-8,454151301;Merozoite
-2,347221365;-8,133306651;Merozoite
-3,282058945;-8,396538882;Merozoite
-3,958079805;-7,917371897;Merozoite
-2,133591165;-8,583268313;Merozoite
-2,192223539;-8,819568781;Merozoite
-3,361333599;-8,026679186;Merozoite
-1,544008007;-8,798933176;Merozoite
-2,381324282;-8,394039301;Merozoite
-1,585140695;-8,161564021;Merozoite
-1,316410174;-8,35438457;Merozoite
-0,679014912;-8,178853182;Merozoite
-1,472362985;-8,340401797;Merozoite
-3,674252977;-7,99673572;Merozoite
-2,336663475;-8,625478892;Merozoite
-3,205388059;-8,202611117;Merozoite
-2,382368078;-8,658849863;Merozoite
-3,402563085;-7,999435572;Merozoite
-0,943734994;-8,245864062;Merozoite
-1,171594968;-8,480713038;Merozoite
-1,192220082;-8,489819674;Merozoite
-1,22048532;-7,998798518;Merozoite
-1,699272027;-8,095839648;Merozoite
-0,927933802;-8,3574163;Merozoite
0,475559572;-7,182139544;Merozoite
-1,574199667;-8,528957514;Merozoite
-2,204541674;-8,844235567;Merozoite
-2,323055496;-8,866361765;Merozoite
-2,384800901;-7,656825213;Merozoite
-3,266317835;-8,057557253;Merozoite
-3,003382673;-8,404217867;Merozoite
-3,798002472;-8,141044764;Merozoite
-3,09766077;-8,194683222;Merozoite
-3,710922947;-8,115126757;Merozoite
-4,303097715;2,17022142;Merozoite
-2,848622551;-7,74514976;Merozoite
-2,202940693;-8,854334978;Merozoite
-1,204253187;-8,212185053;Merozoite
-1,479022016;-8,667792467;Merozoite
-1,278126826;-7,840498118;Merozoite
-2,062694301;-8,907735018;Merozoite
-3,547620048;-8,453308253;Merozoite
-3,080333462;-8,4496738;Merozoite
-2,411927452;-8,297253756;Merozoite
-3,723743429;-8,12660232;Merozoite
-2,745007505;-8,321164278;Merozoite
-3,176804294;-8,475373415;Merozoite
-3,249491444;-8,290885119;Merozoite
-3,551749697;-8,066818385;Merozoite
-1,013198843;-8,433026461;Merozoite
-1,550409427;-8,641316561;Merozoite
-1,337149849;-8,566902308;Merozoite
-0,944890489;-8,489782481;Merozoite
-2,121652593;-8,766301302;Merozoite
-0,275902172;-8,119112162;Merozoite
-3,318374624;-8,190035967;Merozoite
-3,014813652;-8,383441119;Merozoite
-3,457001915;-8,107156901;Merozoite
-3,163852682;-8,278387217;Merozoite
-1,950861564;-8,217784075;Merozoite
-2,970659962;-8,247997431;Merozoite
-0,912572732;-8,113658099;Merozoite
-2,661253681;-8,557979731;Merozoite
-0,157851671;-7,62426105;Merozoite
-2,148848047;-8,527312426;Merozoite
-2,435669174;-8,186945109;Merozoite
-1,954337945;-8,814430384;Merozoite
-2,086333504;-8,061280398;Merozoite
0,775406251;-7,090801386;Ring
-0,022294949;-7,193434862;Ring
-0,109523622;-7,160765795;Ring
0,108509215;-7,808220057;Ring
5,021616469;-4,297384409;Ring
1,146142135;-6,622200159;Ring
1,046675453;-6,262782244;Ring
4,008247862;-4,804925589;Ring
1,632285009;-6,062254099;Ring
3,453418026;-4,942941336;Ring
1,78291894;-5,993117003;Ring
1,919485102;-5,942333845;Ring
3,660055885;-5,228732733;Ring
-0,279779514;-7,800122408;Ring
3,492803345;-5,212837843;Ring
0,571727882;-7,194780497;Ring
4,006083498;-4,715046076;Ring
0,140407214;-7,090980677;Ring
2,57994772;-6,137156157;Ring
2,066308985;-6,019403605;Ring
4,554322252;-4,514844565;Ring
2,539728651;-5,692622332;Ring
-2,641426554;-7,699197916;Ring
0,396742741;-7,683211474;Ring
1,817924867;-6,20354381;Ring
2,347565661;-5,63341823;Ring
5,004136572;-4,422659544;Ring
0,28192542;-7,691878466;Ring
2,601168165;-5,808516173;Ring
1,061016688;-6,718828825;Ring
0,641421983;-7,066349177;Ring
-0,492361327;-7,679108767;Ring
-0,735445311;-7,673370509;Ring
4,602100859;-4,260989813;Ring
1,076486836;-6,943451075;Ring
1,241602311;-6,162834792;Ring
4,948043356;-4,031513838;Ring
1,84596468;-6,444559245;Ring
0,298303703;-7,365611224;Ring
0,67350764;-6,885493903;Ring
5,446329126;-3,756469874;Ring
3,429719935;-5,222130446;Ring
-0,246517887;-7,720148234;Ring
3,612298021;-5,229043631;Ring
-9,231319418;14,17862305;Ring
-3,809885731;-7,858077196;Ring
3,508178005;-5,135533003;Ring
2,283845434;-5,911172537;Ring
1,495992193;-6,206128744;Ring
2,24589921;-6,158476977;Ring
-2,131762972;-8,279207377;Ring
4,499881277;-4,619784026;Ring
0,066358263;-7,488738207;Ring
3,188483725;-5,483481078;Ring
4,84460021;-4,188219694;Ring
3,928034077;-5,011631636;Ring
4,393598566;-4,669961123;Ring
4,755929003;-4,282489924;Ring
-0,266483744;-7,638315348;Ring
1,005856643;-6,878178267;Ring
2,65893055;-5,59621015;Ring
1,032914052;-6,999759821;Ring
1,810402761;-6,718995242;Ring
3,270550022;-5,463839201;Ring
2,12156106;-5,930184512;Ring
2,5811658;-6,160699515;Ring
-1,776259174;-7,95205131;Ring
1,156096707;-6,176065592;Ring
1,680762181;-6,638533739;Ring
3,74791647;-5,163151888;Ring
2,319690714;-6,129933504;Ring
-2,349792948;-8,244588045;Ring
1,078089604;-6,989280848;Ring
0,219347323;-7,903319506;Ring
4,737956534;-4,371144919;Ring
-1,848409166;-8,09410396;Ring
4,963619242;-4,440617709;Ring
1,013940106;-6,255565791;Ring
3,595840464;-5,290275721;Ring
3,304835806;-5,333013205;Ring
1,327296147;-6,190849451;Ring
-0,694448163;-7,731805949;Ring
2,019639502;-5,960254816;Ring
2,364995489;-5,790563254;Ring
0,319881777;-6,913254408;Ring
2,811069498;-5,814383177;Ring
3,218303452;-5,519600539;Ring
6,697103987;-2,820945649;Ring
0,164470757;-7,737064509;Ring
0,377163748;-6,97113624;Ring
0,958347569;-7,104970126;Ring
-1,663986196;-8,161408572;Ring
3,881464014;-5,418373255;Ring
4,562303553;-4,25159326;Ring
0,840013275;-7,150893359;Ring
2,53368331;1,616624148;Ring
5,175164232;-4,464141516;Ring
4,8947363;-4,146435885;Ring
0,050942486;-7,253222613;Ring
0,06299468;-7,991017489;Ring
0,559819768;-6,638377814;Ring
0,743437598;-6,653437762;Ring
3,169718752;-5,347612528;Ring
-1,928111424;-8,321079401;Ring
-0,157333215;-6,952539591;Ring
3,487921248;-4,99707046;Ring
2,71113945;-5,643740324;Ring
0,11544917;-8,036136774;Ring
2,374737034;1,457381161;Ring
-0,094553982;-8,057349352;Ring
1,145009408;-6,383217005;Ring
1,00182564;-6,985955386;Ring
2,747792015;-6,003978876;Ring
-0,835840394;-8,055528788;Ring
1,075247774;-6,384017138;Ring
4,672627459;-4,530455737;Ring
5,298372278;-4,482712893;Ring
0,904201338;-6,500859885;Ring
-0,498008242;-7,212283282;Ring
5,95613862;6,431682916;Ring
3,537792215;-5,217168478;Ring
0,983487258;-6,932850031;Ring
3,924783955;-4,814052252;Ring
-0,940930953;-8,217940478;Ring
3,298359165;-5,228962569;Ring
-0,302392056;-7,669171481;Ring
1,511286507;-6,644678263;Ring
-9,29638957;14,56115422;Ring
0,228592182;-7,445974497;Ring
1,289711962;-6,717888026;Ring
0,044185626;-7,085943369;Ring
4,500870237;-4,572259096;Ring
2,326617251;-5,801846175;Ring
5,198060522;-3,941695361;Ring
0,592378268;-7,001315264;Ring
1,693635354;-6,422300486;Ring
5,902481566;6,49723229;Ring
1,09109808;-6,755786566;Ring
-0,507806589;-7,574877886;Ring
3,402501354;-5,22749391;Ring
4,617958079;-4,323568014;Ring
0,501353035;-7,466106562;Ring
4,4044242;-4,392882971;Ring
-3,190217485;-7,910084872;Ring
4,859867582;-3,807267336;Ring
4,481234083;-4,393746523;Ring
0,759472737;-7,143752245;Ring
1,569314013;-6,202590136;Ring
-0,775443485;-8,14424911;Ring
0,270378897;-7,811251788;Ring
1,123862872;-6,28262773;Ring
2,889261732;-5,451585917;Ring
0,496204386;-7,01092544;Ring
1,394935856;-6,188173918;Ring
0,253039906;-7,908077387;Ring
2,456978092;-6,126100687;Ring
-0,223469203;-7,823740153;Ring
-9,08456706;13,9659861;Ring
5,454836855;-4,477150587;Ring
-3,047517528;-7,696759371;Ring
-0,21055079;-6,973645357;Ring
4,817074785;-3,682328848;Ring
1,624817143;-6,323349146;Ring
3,118330727;-5,409052042;Ring
0,891409466;-6,950563578;Ring
1,777423272;-6,246551184;Ring
1,883824954;-6,023282675;Ring
1,499731193;-6,753884463;Ring
4,68582345;-4,314050345;Ring
3,145951042;-5,475234179;Ring
0,320110569;-7,621927409;Ring
4,389961252;-4,398631243;Ring
4,345013628;-5,313045172;Ring
4,80703784;-4,371443419;Ring
3,663780699;-5,363647131;Ring
5,940097342;-3,397012381;Ring
0,272927562;-6,849227576;Ring
2,478976975;1,868815513;Ring
-2,246825685;-8,615544466;Ring
4,952274332;-4,143467574;Ring
1,364520202;-6,149360327;Ring
-1,377570739;-7,57651916;Ring
5,053970823;-4,559658198;Ring
0,902656148;-7,089849619;Ring
4,624262819;-4,434563784;Ring
4,490258703;-4,184818892;Ring
2,087297926;-6,352440028;Ring
3,401004562;-5,487010149;Ring
4,109280596;-4,975531248;Ring
4,545790682;-4,182151465;Ring
3,440730581;-5,0501267;Ring
0,25906838;-7,729368357;Ring
1,144942412;-6,342015414;Ring
1,485072622;-6,721430449;Ring
0,387361775;-7,444997935;Ring
-0,315709432;-7,983521609;Ring
-0,168214118;-7,052000193;Ring
1,634783158;-6,55651298;Ring
2,641845713;-5,779241232;Ring
-1,546745291;-8,02326694;Ring
2,35856534;-6,291825919;Ring
3,665371428;-5,475244192;Ring
2,680890093;-6,063963084;Ring
-9,456008901;14,34266457;Ring
2,145274887;-5,959249167;Ring
-1,587247362;-8,278709559;Ring
1,566286097;-6,554988055;Ring
4,78946353;-3,637406496;Ring
0,581211577;-6,956585078;Ring
7,349769602;5,146516176;Ring
0,550207029;-7,134301333;Ring
3,56065012;-5,260666041;Ring
4,075883875;-4,755690722;Ring
4,610492239;-4,386613993;Ring
5,20159627;-4,205420641;Ring
-9,319091787;14,27971444;Ring
0,10997388;-7,922805933;Ring
2,463324318;-6,222816138;Ring
-9,459004393;14,28784833;Ring
4,82681943;-3,871767191;Ring
1,282440314;-6,273371367;Ring
0,392698476;-7,017269282;Ring
2,389622698;-5,896604685;Ring
-0,493183156;6,18891892;Schizont
-2,178691139;4,666741462;Schizont
1,058018456;7,130658479;Schizont
-0,72082149;5,997620435;Schizont
-2,620366087;4,235522361;Schizont
4,382895002;7,107836576;Schizont
2,242414246;7,451257082;Schizont
1,560997377;7,302462431;Schizont
2,012488136;7,30369124;Schizont
6,296532641;6,129318567;Trophozoite
7,018068323;5,344019743;Trophozoite
-2,566295137;4,292098613;Schizont
-2,441830149;4,413966747;Schizont
-1,875953069;4,950510831;Schizont
-0,513186028;6,174510809;Schizont
-0,559484711;6,126235815;Schizont
6,805190573;5,619129987;Trophozoite
1,69629241;7,23592362;Schizont
6,248579512;6,214655729;Trophozoite
2,954838762;7,567352625;Schizont
6,623197565;6,034969659;Trophozoite
6,68226243;5,837167593;Trophozoite
3,73559166;7,250179144;Schizont
6,910727987;5,469233366;Trophozoite
1,351603756;7,206951948;Schizont
6,134626875;6,244688364;Trophozoite
6,792116652;5,760691496;Trophozoite
0,304765145;6,793385835;Schizont
6,156328688;6,248149248;Trophozoite
-4,924124708;1,149079638;Schizont
1,773646841;7,228969904;Schizont
6,065145025;6,35759482;Trophozoite
1,571495066;7,340881677;Schizont
-0,262535026;6,352626176;Schizont
2,287905703;7,537881227;Schizont
-1,68986999;5,125118585;Schizont
-3,735503664;2,996362658;Schizont
0,335673491;6,756679865;Schizont
7,191150198;5,257673116;Trophozoite
2,290499458;7,44442782;Schizont
1,596468935;7,432866426;Schizont
2,089619169;7,45966229;Schizont
2,030507336;7,414471002;Schizont
5,758636961;6,592233034;Trophozoite
3,730830441;7,269398065;Schizont
6,368119726;6,46868691;Trophozoite
-1,305983534;5,469189497;Schizont
0,449435572;6,80670342;Schizont
6,383091936;6,154072137;Trophozoite
-0,348405411;6,287883134;Schizont
1,680128703;7,310569139;Schizont
3,371764908;7,466901155;Schizont
-4,907788267;0,983509274;Schizont
-9,272504797;14,55513844;Schizont
-0,758904626;5,966008516;Schizont
-4,390913477;2,047477039;Schizont
0,553283165;6,933404775;Schizont
6,631483088;5,984124513;Trophozoite
6,481767187;-3,01468244;Trophozoite
4,084107409;7,175229402;Schizont
7,145046244;5,237737032;Trophozoite
6,348939428;6,139705034;Trophozoite
-1,894045462;4,936443897;Schizont
1,983275185;7,265578123;Schizont
-2,512477627;4,346708151;Schizont
-2,847022047;4,002605529;Schizont
0,326819191;6,828765245;Schizont
-0,209158172;6,412022443;Schizont
5,458631525;6,694006773;Schizont
-0,067904686;6,512849661;Schizont
-2,080901613;4,756412359;Schizont
-2,728116503;4,125109525;Schizont
6,978065977;5,845339628;Trophozoite
-3,664607038;3,071310731;Schizont
-5,636920442;0,059238525;Schizont
4,813912401;6,972761961;Schizont
1,583430061;7,473153444;Schizont
-2,329262485;4,525468441;Schizont
7,629315863;5,578562112;Trophozoite
0,131668756;6,664157243;Schizont
-4,362825384;2,049508484;Schizont
4,204755793;7,201423975;Schizont
-5,414148321;0,362919243;Schizont
-4,64292716;1,66904095;Schizont
4,308530817;7,13304648;Schizont
2,214545498;7,801672788;Schizont
-2,050949802;4,784655185;Schizont
7,386107931;5,613161417;Trophozoite
1,803896318;7,584573122;Schizont
-4,563412657;1,762706133;Schizont
0,608117948;7,002089353;Schizont
4,330803404;7,097743841;Schizont
-1,994997969;4,838212581;Schizont
-0,739780655;5,980728479;Schizont
-4,22087573;2,325459691;Schizont
-3,527685156;3,240383001;Schizont
-5,252523413;0,554906579;Schizont
-6,565463056;-0,888533739;Schizont
-1,693377724;5,122926565;Schizont
-2,434349527;4,424036356;Schizont
0,403741101;6,89417872;Schizont
-3,667751541;3,074922176;Schizont
-6,063230028;-0,519683985;Schizont
-3,85595273;2,779936762;Schizont
-5,943729868;-0,487127809;Schizont
-5,077683916;0,808063598;Schizont
-5,304216375;0,504820557;Schizont
-5,117740145;0,742546173;Schizont
6,71438838;6,243990274;Trophozoite
-2,908069839;3,934549184;Schizont
6,467766771;6,459889265;Trophozoite
7,740308771;5,258593889;Trophozoite
7,568931589;5,432370992;Trophozoite
-0,845077982;5,88282189;Schizont
4,48921443;7,077313276;Schizont
-2,963268032;3,880953403;Schizont
1,012210498;7,169982286;Schizont
-6,21520709;-0,63222721;Schizont
7,28956748;6,061311575;Trophozoite
-4,570592394;1,803524168;Schizont
7,327833185;5,920736642;Trophozoite
-0,79616188;5,933842512;Schizont
3,004835377;7,663302751;Schizont
-3,2404251;3,574469658;Schizont
-5,025193682;1,013870357;Schizont
0,96695436;7,244893404;Schizont
6,615578661;6,34737906;Trophozoite
-1,833104601;4,990813585;Schizont
-2,956524362;3,887759061;Schizont
7,638703356;5,262478681;Trophozoite
4,36447526;7,147479864;Schizont
-6,646209707;-0,881112007;Schizont
3,73405839;7,33853993;Schizont
-4,915156832;0,980530957;Schizont
-6,088124742;-0,657921581;Schizont
5,916908274;6,537290426;Trophozoite
2,54271389;7,684930654;Schizont
6,403872976;6,334781976;Trophozoite
7,506165514;5,796621175;Trophozoite
-2,315675011;4,537980171;Schizont
4,954267988;6,918554159;Schizont
-0,5555514;6,130622717;Schizont
-4,834686746;1,309382917;Schizont
6,448582659;6,412827345;Trophozoite
-5,983350744;-0,543059258;Schizont
-2,129866114;4,709780784;Schizont
5,683927069;6,612445207;Schizont
-4,90401267;1,191635484;Schizont
-6,520489683;-0,80607727;Schizont
-2,546818724;4,31211576;Schizont
-6,014662256;-0,668973951;Schizont
2,296266565;7,851841303;Schizont
7,507470617;5,397244306;Trophozoite
-5,967162599;-0,463078646;Schizont
4,843984614;6,978068681;Schizont
0,278381775;6,770027967;Schizont
2,477749596;7,584607931;Schizont
-0,31757616;6,327854963;Schizont
-3,120954027;3,703436943;Schizont
-3,331138124;3,466487976;Schizont
7,049331198;6,035444112;Trophozoite
-3,981611242;2,671028109;Schizont
2,15678812;7,760868402;Schizont
5,194859514;6,783341261;Schizont
-3,90852951;2,770723553;Schizont
-2,970815649;3,872845264;Schizont
2,537899742;7,717012735;Schizont
-4,387176981;2,08721325;Schizont
6,42630292;6,428792329;Trophozoite
6,933348189;6,238035055;Trophozoite
-6,360114565;-0,66562107;Schizont
-4,349832048;2,144069644;Schizont
3,534751425;7,406813951;Schizont
0,222204859;6,761222215;Schizont
2,901736984;7,694837423;Schizont
-3,895115127;2,783434721;Schizont
1,98989583;7,688338133;Schizont
1,240825544;7,307686659;Schizont
7,009879122;6,017476411;Trophozoite
-2,403645267;4,450170131;Schizont
-4,250691404;2,256998034;Schizont
0,898229847;7,174033971;Schizont
0,297207842;6,770123811;Schizont
3,699831734;7,385756822;Schizont
3,505445013;7,4195188;Schizont
7,462518225;5,716271253;Trophozoite
7,560058603;5,30832562;Trophozoite
6,628023634;6,355772348;Trophozoite
5,028300772;6,879792066;Trophozoite
0,765146861;7,126993032;Schizont
-3,466798057;3,319503637;Schizont
2,821975718;7,748905988;Schizont
7,419891844;5,46575913;Trophozoite
3,998136053;7,26089892;Schizont
-5,12743329;0,729730876;Schizont
-5,530761709;0,234710248;Schizont
7,289107332;5,928387495;Trophozoite
-3,637239685;3,105403991;Schizont
7,232375155;5,870087;Trophozoite
-5,002542486;0,879918324;Schizont
5,086980829;6,853757234;Schizont
2,097459087;7,63357863;Schizont
-6,496549597;-0,865662364;Schizont
-6,473258963;-0,802570967;Schizont
1,868501792;7,635706754;Schizont
-5,953548422;-0,488093523;Schizont
7,373953352;5,50874743;Trophozoite
2,369452248;7,753866048;Schizont
2,622079144;7,655129285;Schizont
2,409609804;7,619742246;Schizont
-4,6924858;1,587524744;Schizont
-3,27565073;3,529554935;Schizont
-5,912929525;-0,49407926;Schizont
-5,485591879;0,269916328;Schizont
4,414376269;7,168824049;Schizont
2,93164588;7,678107114;Schizont
-6,565434446;-0,813533096;Schizont
6,03989316;6,512265535;Trophozoite
-2,178143492;4,650660129;Schizont
0,043670452;6,587175222;Schizont
-8,760933866;13,50296864;Schizont
3,587764988;7,4407371;Schizont
-6,594723215;-0,812873868;Schizont
1,167747269;7,277170034;Schizont
-0,213690718;-8,063806681;Schizont
4,777965555;6,988229128;Schizont
6,232172976;6,511713358;Trophozoite
7,733279715;5,176119657;Trophozoite
7,434576044;5,205085607;Trophozoite
-0,638435831;6,075837942;Schizont
-6,266949167;-0,788616566;Schizont
3,4314499;7,504856439;Schizont
5,012407313;6,864695879;Schizont
0,557597289;6,936517568;Schizont
4,957422743;6,923484178;Schizont
2,971215735;7,614166589;Schizont
5,091357718;6,836410375;Schizont
7,08799983;6,008267255;Trophozoite
7,165771017;6,019238325;Trophozoite
-5,199869623;0,608347984;Schizont
-6,16026782;-0,579493193;Schizont
7,57370759;5,452097746;Trophozoite
-2,498710861;4,357850643;Schizont
-6,575983038;-0,830685167;Schizont
2,964880953;7,587569566;Schizont
-5,360005846;0,447205814;Schizont
-3,74963521;2,969338627;Schizont
7,261258135;5,859566541;Trophozoite
-5,473155012;0,301211329;Schizont
2,744661102;7,66351399;Schizont
-0,761336615;5,967196794;Schizont
7,627561102;5,276141019;Trophozoite
-1,501027813;5,292758794;Schizont
7,172947893;5,307771059;Trophozoite
3,828385124;7,320251794;Schizont
6,091703901;6,449689241;Trophozoite
7,499398241;5,605067106;Trophozoite
-0,766114642;5,956019731;Schizont
0,772972474;7,083378168;Schizont
-6,493782034;-0,788139967;Schizont
7,643763075;5,275083871;Trophozoite
-3,691947451;3,039005252;Schizont
-5,588013162;0,13729939;Schizont
-2,878675928;3,968105407;Schizont
0,899276087;7,138133379;Schizont
-5,427384367;0,346332284;Schizont
-1,739689937;5,074867101;Schizont
-6,368655672;-0,699216632;Schizont
7,396600733;5,349946352;Trophozoite
6,680740843;6,285201879;Trophozoite
-6,108040323;-0,62305644;Schizont
-6,420635691;-0,720626978;Schizont
4,139661799;7,212574812;Schizont
-0,767316689;5,955440374;Schizont
6,262091169;6,366170736;Trophozoite
-3,886612167;2,804173799;Schizont
3,67250658;7,410459848;Schizont
-6,037873735;-0,577107934;Schizont
3,521724949;7,428130956;Schizont
-6,31306838;-0,70911005;Schizont
1,210035215;7,252683492;Schizont
-3,082475891;3,74753079;Schizont
-5,06823348;0,766034665;Schizont
-4,145959844;2,430749627;Schizont
7,413455019;5,763190122;Trophozoite
3,763968716;7,351281019;Schizont
6,708220015;6,232085081;Trophozoite
-6,713049879;-0,741161374;Schizont
2,77121378;7,759355398;Schizont
-4,763302317;1,467569085;Schizont
-2,855622997;3,993065687;Schizont
-6,446931352;-0,864110379;Schizont
-6,459536543;-0,779173283;Schizont
6,814960966;6,165226789;Trophozoite
-5,255983343;0,566435905;Schizont
-6,065743914;-0,591495542;Schizont
-6,304422846;-0,678454904;Schizont
0,034498005;6,597340437;Schizont
-4,544751634;1,886897298;Schizont
2,92497016;7,586857648;Schizont
-6,16312932;-0,563043742;Schizont
2,504653225;7,752548547;Schizont
1,763703356;7,613470884;Schizont
4,528853426;7,128864618;Schizont
-4,76560544;1,481648507;Schizont
-5,078392019;0,764216753;Schizont
-4,364931097;2,112279268;Schizont
7,645195017;5,256721826;Trophozoite
-4,822702398;1,263970198;Schizont
-1,964783063;4,867592188;Schizont
2,325764904;7,75006661;Schizont
-4,587145796;1,761828931;Schizont
0,744217227;7,011068674;Schizont
-8,941331854;12,85740552;Male
-8,805203428;13,01920018;Male
-9,009993544;13,36807713;Male
-9,066443434;12,87972817;Male
-9,113992681;12,90278802;Male
1,032174478;0,971614154;Female
-3,938663235;2,758382412;Male
-8,80302619;12,8567904;Male
1,977813254;0,951639252;Female
-9,098625173;13,38434014;Male
-9,282650938;13,55182824;Male
-8,848542204;13,34697327;Male
-8,96859168;12,79533944;Male
1,870689044;0,833633067;Female
2,263285647;1,332448514;Female
-9,132473936;12,91639218;Male
-8,959312429;13,25183568;Male
-2,568682661;4,28719935;Female
-8,971393576;12,98488316;Male
-8,843938818;13,29726681;Male
-9,23323535;13,46985802;Male
1,748765478;1,115610598;Female
-9,255648603;13,40551743;Male
1,139407764;1,026829326;Female
1,8279214;0,828725265;Female
-9,442872038;14,29990754;Male
1,142592559;0,860993804;Female
1,356984983;0,948593305;Female
1,43000413;1,482806297;Female
1,362910757;0,800578596;Female
2,061788569;0,983695591;Female
-8,975281706;12,78215489;Male
-9,249171247;13,22748265;Male
1,525628696;0,862436416;Female
1,31793953;1,456027063;Female
1,763536821;0,746642055;Female
-9,022719374;12,89500603;Male
-9,006245603;12,94413361;Male
-9,172493925;13,03885254;Male
-9,189152708;12,87326417;Male
-9,173646917;12,89056096;Male
1,758461604;0,895160125;Female
-9,063199034;12,75133881;Male
1,11287714;0,86911069;Female
1,114219914;1,153560119;Female
0,938572834;1,288388656;Female
1,032842527;1,174934344;Female
-8,972741117;13,06732258;Male
-9,208451261;13,35210023;Male
1,821304212;1,384288968;Female
1,325371275;1,269465597;Female
2,104604731;1,03623605;Female
-9,103544226;13,08857808;Male
1,531690369;0,86343375;Female
-9,082140913;13,11894593;Male
2,158283005;1,299336852;Female
-9,206801405;13,41122613;Male
-9,371692648;13,60301003;Male
-9,37527751;13,75910077;Male
-9,35400485;13,10025868;Male
-9,331831922;13,63223252;Male
2,150455723;2,020276995;Female
-9,376580229;14,43119607;Male
2,603075037;1,761291059;Female
2,563199053;1,738528462;Female
-9,322663298;13,56603417;Male
-8,955792417;13,33378205;Male
2,225378761;1,6765655;Female
-9,088741293;13,52516732;Male
2,480945597;1,627818795;Female
1,748527775;0,844812976;Female
1,037687669;1,262279423;Female
-9,361523619;13,58185467;Male
2,260439167;1,15930769;Female
1,886160145;0,813517662;Female
1,952888498;0,90219784;Female
-9,415930738;13,3578957;Male
-9,320814123;13,2673491;Male
-9,021970739;13,22729287;Male
-9,167860021;13,19007763;Male
2,002927551;0,996149355;Female
1,636896143;0,652759107;Female
1,73347343;0,766674818;Female
1,205454002;0,879523443;Female
-9,351065626;13,56613526;Male
2,21028472;1,176299179;Female
1,427077065;0,664205464;Female
2,329857836;1,291426482;Female
-9,154573431;13,13602147;Male
2,13449956;1,159831168;Female
1,840683708;1,389600249;Female
-9,366571417;13,49986634;Male
2,505354414;1,615365835;Female
-9,291823377;13,53867802;Male
1,295105825;0,883545818;Female
2,509384165;2,795463772;Female
2,5567484;2,487452837;Female
2,251386414;2,873553367;Female
-9,166629782;14,57742581;Male
1,981274853;2,411314221;Female
2,489027271;1,520894082;Female
2,332802067;2,813627096;Female
-8,889778128;14,31858716;Male
2,220364342;2,873716922;Female
1,804434071;2,101644965;Female
2,264328013;2,699595304;Female
2,314565668;2,500389429;Female
-9,077034941;14,48375783;Male
1,157867203;2,135767313;Female
1,926458845;2,756476493;Female
1,592145095;2,73343608;Female
1,554805646;2,541147681;Female
-8,896203031;14,40472683;Male
2,044444094;2,458124252;Female
1,30048419;2,458551498;Female
2,092093239;2,87094483;Female
1,831184635;2,826839777;Female
1,805826316;1,907591613;Female
1,939865956;2,198954554;Female
1,773833881;2,127685757;Female
1,740681062;2,706206294;Female
1,980672846;2,675434323;Female
2,220482359;1,899770768;Female
-9,00954627;14,14828667;Male
-8,858829489;14,43846116;Male
1,256499419;1,755753847;Female
-9,160213461;14,45457635;Male
1,889340649;2,311662288;Female
-9,048357;14,52303681;Male
2,082827101;2,70294437;Female
1,037938485;2,062158378;Female
2,227175722;2,84266028;Female
1,256867061;1,892478498;Female
-8,920965185;14,25711522;Male
1,49899281;2,04808286;Female
1,036462555;2,22856948;Female
1,564555178;2,737524601;Female
1,844638596;2,644107314;Female
-9,038509359;14,11707768;Male
1,175724158;1,936621578;Female
0,857926498;1,555511178;Female
-8,89280509;14,32460961;Male
1,613711963;2,675002308;Female
1,477562556;2,544818373;Female
-9,109982481;14,39473519;Male
1,992993364;2,140496584;Female
1,940901647;2,087426873;Female
1,85958899;0,933367239;Female
2,092365751;2,793116184;Female
-8,890808096;14,21814808;Male
1,619055758;2,408904286;Female
0,880111644;1,402181508;Female
-8,83169364;14,23122773;Male
-8,813352575;14,29047474;Male
-9,226304998;13,68775162;Male
0,922745595;1,60102305;Female
1,192056069;1,580989273;Female
1,425913344;2,114793749;Female
1,142600308;2,147269102;Female
2,372027168;2,770370098;Female
1,23254467;1,312664615;Female
0,740967939;1,480724366;Female
0,81784452;1,734093698;Female
2,426278124;2,74545631;Female
0,836771557;1,729389461;Female
2,130462179;1,998748692;Female
-8,871815672;13,9668015;Male
-8,997304907;14,4453238;Male
-9,003053656;13,92170415;Male
0,939429352;1,805317374;Female
0,860265801;1,675661119;Female
1,844395647;2,067424448;Female
1,039471278;1,736267002;Female
-9,165651312;14,31949219;Male
2,506167898;2,472802611;Female
-8,902594557;13,84051213;Male
1,403185616;2,481949421;Female
1,962294111;2,689652892;Female
-9,111371031;14,36829457;Male
1,27868391;1,982624503;Female
1,795723329;2,184548469;Female
1,284448395;1,959699305;Female
2,051009665;2,742292019;Female
0,945925007;1,764009507;Female
1,983089695;2,009019943;Female
1,582340846;1,845110865;Female
2,398020039;2,230799647;Female
1,299516807;7,30928597;Female
1,70391799;2,630179735;Female
1,809762368;2,674667569;Female
-8,848197927;14,20957455;Male
1,091766009;1,482484939;Female
1,017892251;1,046672901;Female
1,377026687;1,934564443;Female
1,004562328;1,101872986;Female
-9,268388739;13,93190178;Male
-9,309458723;14,44846139;Male
1,432359944;2,539840074;Female
0,992609987;1,816813262;Female
1,011647353;1,68415484;Female
-8,953043928;14,29326424;Male
